tilt,prec,rad
90.0,180.0,2.0
90.0,180.0,1.99409483024
90.0,180.0,1.9881826468
90.0,180.0,1.98226350112
90.0,180.0,1.97633744463
90.0,180.0,1.9704045288
90.0,180.0,1.96446480515
90.0,180.0,1.95851832517
90.0,180.0,1.95256514043
90.0,180.0,1.94660530246
90.0,180.0,1.94063886287
90.0,180.0,1.93466587325
90.0,180.0,1.92868638522
90.0,180.0,1.92270045045
90.0,180.0,1.91670812058
90.0,180.0,1.9107094473
90.0,180.0,1.90470448232
90.0,180.0,1.89869327736
90.0,180.0,1.89267588415
90.0,180.0,1.88665235444
90.0,180.0,1.88062274003
90.0,180.0,1.87458709268
90.0,180.0,1.86854546421
90.0,180.0,1.86249790644
90.0,180.0,1.85644447121
90.0,180.0,1.85038521035
90.0,180.0,1.84432017575
90.0,180.0,1.83824941927
90.0,180.0,1.83217299282
90.0,180.0,1.82609094828
90.0,180.0,1.82000333759
90.0,180.0,1.81391021267
90.0,180.0,1.80781162546
90.0,180.0,1.80170762791
90.0,180.0,1.79559827198
90.0,180.0,1.78948360965
90.0,180.0,1.7833636929
90.0,180.0,1.77723857372
90.0,180.0,1.7711083041
90.0,180.0,1.76497293607
90.0,180.0,1.75883252163
90.0,180.0,1.75268711281
90.0,180.0,1.74653676164
90.0,180.0,1.74038152015
90.0,180.0,1.7342214404
90.0,180.0,1.72805657443
90.0,180.0,1.72188697429
90.0,180.0,1.71571269205
90.0,180.0,1.70953377976
90.0,180.0,1.7033502895
90.0,180.0,1.69716227334
90.0,180.0,1.69096978335
90.0,180.0,1.6847728716
90.0,180.0,1.67857159018
90.0,180.0,1.67236599117
90.0,180.0,1.66615612665
90.0,180.0,1.65994204869
90.0,180.0,1.65372380939
90.0,180.0,1.64750146083
90.0,180.0,1.64127505508
90.0,190.0,1.63504464423
90.0,190.0,1.62881028036
90.0,190.0,1.62257201555
90.0,190.0,1.61632990187
90.0,190.0,1.61008399139
90.0,190.0,1.60383433619
90.0,190.0,1.59758098832
90.0,190.0,1.59132399986
90.0,190.0,1.58506342285
90.0,190.0,1.57879930935
90.0,190.0,1.5725317114
90.0,190.0,1.56626068105
90.0,190.0,1.55998627034
90.0,190.0,1.55370853127
90.0,190.0,1.54742751589
90.0,190.0,1.54114327619
90.0,190.0,1.53485586419
90.0,190.0,1.52856533187
90.0,190.0,1.52227173124
90.0,190.0,1.51597511425
90.0,190.0,1.50967553289
90.0,190.0,1.5033730391
90.0,190.0,1.49706768484
90.0,190.0,1.49075952203
90.0,190.0,1.4844486026
90.0,190.0,1.47813497847
90.0,190.0,1.47181870153
90.0,190.0,1.46549982366
90.0,190.0,1.45917839675
90.0,190.0,1.45285447264
90.0,190.0,1.44652810318
90.0,190.0,1.4401993402
90.0,190.0,1.43386823551
100.0,190.0,1.42753484092
100.0,190.0,1.4211992082
100.0,190.0,1.41486138912
100.0,190.0,1.40852143543
100.0,190.0,1.40217939886
100.0,190.0,1.39583533113
100.0,190.0,1.38948928392
100.0,190.0,1.38314130892
100.0,190.0,1.37679145779
100.0,190.0,1.37043978215
100.0,190.0,1.36408633363
100.0,190.0,1.35773116383
100.0,190.0,1.35137432432
100.0,190.0,1.34501586666
100.0,190.0,1.33865584239
100.0,190.0,1.332294303
100.0,190.0,1.32593129999
100.0,190.0,1.31956688484
100.0,190.0,1.31320110897
100.0,190.0,1.3068340238
100.0,190.0,1.30046568074
100.0,190.0,1.29409613115
100.0,190.0,1.28772542637
100.0,190.0,1.28135361772
100.0,190.0,1.2749807565
100.0,190.0,1.26860689396
100.0,200.0,1.26223208135
100.0,200.0,1.25585636988
100.0,200.0,1.24947981073
100.0,200.0,1.24310245505
100.0,200.0,1.23672435398
100.0,200.0,1.23034555861
100.0,200.0,1.22396612
100.0,200.0,1.2175860892
100.0,200.0,1.21120551721
100.0,200.0,1.20482445501
100.0,200.0,1.19844295355
100.0,200.0,1.19206106373
100.0,200.0,1.18567883644
100.0,200.0,1.17929632252
100.0,200.0,1.1729135728
100.0,200.0,1.16653063806
100.0,200.0,1.16014756904
100.0,200.0,1.15376441646
100.0,200.0,1.14738123099
100.0,200.0,1.14099806329
100.0,200.0,1.13461496397
100.0,200.0,1.12823198359
100.0,200.0,1.12184917269
100.0,200.0,1.11546658177
100.0,200.0,1.1090842613
100.0,200.0,1.10270226171
100.0,200.0,1.09632063336
100.0,200.0,1.08993942663
100.0,200.0,1.08355869181
100.0,200.0,1.07717847919
100.0,200.0,1.07079883898
100.0,200.0,1.06441982137
100.0,200.0,1.05804147653
100.0,200.0,1.05166385456
100.0,200.0,1.04528700552
100.0,200.0,1.03891097945
100.0,200.0,1.03253582632
100.0,200.0,1.02616159608
100.0,200.0,1.01978833862
100.0,200.0,1.01341610381
100.0,200.0,1.00704494144
100.0,200.0,1.00067490129
100.0,200.0,0.994306033084
100.0,200.0,0.987938386491
100.0,200.0,0.981572011145
100.0,200.0,0.97520695663
100.0,200.0,0.968843272486
100.0,200.0,0.962481008204
100.0,200.0,0.95612021323
100.0,200.0,0.94976093696
100.0,200.0,0.943403228744
100.0,200.0,0.937047137883
100.0,200.0,0.930692713628
100.0,200.0,0.924340005182
100.0,200.0,0.917989061699
100.0,200.0,0.911639932281
100.0,200.0,0.905292665982
100.0,200.0,0.898947311803
100.0,200.0,0.892603918695
100.0,210.0,0.886262535556
100.0,210.0,0.879923211234
100.0,210.0,0.873585994522
100.0,210.0,0.867250934163
100.0,210.0,0.860918078845
100.0,210.0,0.854587477202
100.0,210.0,0.848259177816
100.0,210.0,0.841933229211
110.0,210.0,0.835609679859
110.0,210.0,0.829288578176
110.0,210.0,0.822969972523
110.0,210.0,0.816653911204
110.0,210.0,0.810340442466
110.0,210.0,0.8040296145
110.0,210.0,0.797721475441
110.0,210.0,0.791416073364
110.0,210.0,0.785113456286
110.0,210.0,0.778813672169
110.0,210.0,0.772516768912
110.0,210.0,0.766222794357
110.0,210.0,0.759931796285
110.0,210.0,0.75364382242
110.0,210.0,0.747358920422
110.0,210.0,0.741077137892
110.0,210.0,0.734798522369
110.0,210.0,0.728523121332
110.0,210.0,0.722250982197
110.0,210.0,0.715982152318
110.0,210.0,0.709716678984
110.0,210.0,0.703454609426
110.0,210.0,0.697195990806
110.0,210.0,0.690940870225
110.0,210.0,0.68468929472
110.0,210.0,0.678441311262
110.0,210.0,0.672196966758
110.0,210.0,0.665956308049
110.0,210.0,0.659719381911
110.0,210.0,0.653486235052
110.0,210.0,0.647256914116
110.0,210.0,0.641031465678
110.0,210.0,0.634809936246
110.0,210.0,0.628592372262
110.0,210.0,0.622378820098
110.0,210.0,0.616169326058
110.0,210.0,0.609963936379
110.0,210.0,0.603762697225
110.0,210.0,0.597565654694
110.0,210.0,0.591372854812
110.0,210.0,0.585184343537
110.0,210.0,0.579000166753
110.0,210.0,0.572820370275
110.0,210.0,0.566644999848
110.0,210.0,0.560474101141
110.0,210.0,0.554307719755
110.0,210.0,0.548145901217
110.0,210.0,0.541988690979
110.0,210.0,0.535836134424
110.0,210.0,0.529688276858
110.0,210.0,0.523545163513
110.0,220.0,0.517406839549
110.0,220.0,0.51127335005
110.0,220.0,0.505144740024
110.0,220.0,0.499021054404
110.0,220.0,0.492902338049
110.0,220.0,0.48678863574
110.0,220.0,0.480679992181
110.0,220.0,0.474576452
110.0,220.0,0.468478059749
110.0,220.0,0.4623848599
110.0,220.0,0.456296896849
110.0,220.0,0.450214214912
110.0,220.0,0.444136858328
110.0,220.0,0.438064871255
110.0,220.0,0.431998297773
110.0,220.0,0.425937181883
110.0,220.0,0.419881567505
110.0,220.0,0.413831498477
110.0,220.0,0.407787018558
110.0,220.0,0.401748171427
110.0,220.0,0.395715000678
110.0,220.0,0.389687549827
110.0,220.0,0.383665862305
110.0,220.0,0.377649981463
110.0,220.0,0.371639950565
110.0,220.0,0.365635812797
110.0,220.0,0.359637611257
110.0,220.0,0.353645388962
110.0,220.0,0.347659188844
110.0,220.0,0.341679053749
110.0,220.0,0.33570502644
110.0,220.0,0.329737149594
110.0,220.0,0.323775465801
110.0,220.0,0.317820017568
110.0,220.0,0.311870847314
110.0,220.0,0.30592799737
110.0,220.0,0.299991509983
110.0,220.0,0.294061427311
110.0,220.0,0.288137791424
110.0,220.0,0.282220644305
110.0,220.0,0.276310027848
110.0,220.0,0.270405983859
120.0,220.0,0.264508554055
120.0,220.0,0.258617780064
120.0,220.0,0.252733703423
120.0,220.0,0.24685636558
120.0,220.0,0.240985807893
120.0,220.0,0.23512207163
120.0,220.0,0.229265197966
120.0,220.0,0.223415227987
120.0,220.0,0.217572202686
120.0,220.0,0.211736162965
120.0,220.0,0.205907149633
120.0,220.0,0.200085203406
120.0,220.0,0.19427036491
120.0,220.0,0.188462674675
120.0,220.0,0.182662173138
120.0,220.0,0.176868900643
120.0,220.0,0.17108289744
120.0,230.0,0.165304203684
120.0,230.0,0.159532859435
120.0,230.0,0.153768904658
120.0,230.0,0.148012379224
120.0,230.0,0.142263322906
120.0,230.0,0.136521775384
120.0,230.0,0.13078777624
120.0,230.0,0.125061364958
120.0,230.0,0.119342580928
120.0,230.0,0.11363146344
120.0,230.0,0.107928051689
120.0,230.0,0.102232384772
120.0,230.0,0.0965445016846
120.0,230.0,0.0908644413279
120.0,230.0,0.0851922425024
120.0,230.0,0.0795279439099
120.0,230.0,0.0738715841529
120.0,230.0,0.0682232017343
120.0,230.0,0.0625828350569
120.0,230.0,0.0569505224237
120.0,230.0,0.0513263020368
120.0,230.0,0.0457102119976
120.0,230.0,0.0401022903065
120.0,230.0,0.0345025748625
120.0,230.0,0.0289111034629
120.0,230.0,0.023327913803
120.0,230.0,0.0177530434758
120.0,230.0,0.0121865299719
120.0,230.0,0.00662841067895
120.0,230.0,0.00107872288153
120.0,230.0,-0.00446249623922
120.0,230.0,-0.0099952096058
120.0,230.0,-0.0155193802447
120.0,230.0,-0.0210349712867
120.0,230.0,-0.0265419459671
120.0,230.0,-0.032040267626
120.0,230.0,-0.0375298997085
120.0,230.0,-0.0430108057653
120.0,230.0,-0.0484829494526
120.0,230.0,-0.0539462945326
120.0,230.0,-0.0594008048735
120.0,230.0,-0.0648464444503
120.0,230.0,-0.0702831773444
120.0,230.0,-0.0757109677446
120.0,230.0,-0.0811297799467
120.0,230.0,-0.0865395783542
120.0,230.0,-0.0919403274783
120.0,230.0,-0.0973319919385
120.0,230.0,-0.102714536462
120.0,230.0,-0.108087925887
120.0,230.0,-0.113452125156
120.0,230.0,-0.118807099326
120.0,230.0,-0.12415281356
120.0,230.0,-0.129489233131
120.0,230.0,-0.134816323423
120.0,230.0,-0.140134049929
120.0,230.0,-0.145442378254
120.0,230.0,-0.150741274113
120.0,230.0,-0.156030703332
120.0,240.0,-0.161310631848
120.0,240.0,-0.166581025708
120.0,240.0,-0.171841851075
120.0,240.0,-0.177093074219
120.0,240.0,-0.182334661526
120.0,240.0,-0.187566579493
120.0,240.0,-0.192788794729
120.0,240.0,-0.198001273958
120.0,240.0,-0.203203984015
120.0,240.0,-0.20839689185
120.0,240.0,-0.213579964526
120.0,240.0,-0.21875316922
120.0,240.0,-0.223916473225
120.0,240.0,-0.229069843945
120.0,240.0,-0.234213248901
120.0,240.0,-0.239346655729
120.0,240.0,-0.24447003218
130.0,240.0,-0.24958334612
130.0,240.0,-0.25468656553
130.0,240.0,-0.259779658508
130.0,240.0,-0.264862593268
130.0,240.0,-0.26993533814
130.0,240.0,-0.27499786157
130.0,240.0,-0.280050132123
130.0,240.0,-0.285092118478
130.0,240.0,-0.290123789434
130.0,240.0,-0.295145113905
130.0,240.0,-0.300156060924
130.0,240.0,-0.305156599644
130.0,240.0,-0.310146699331
130.0,240.0,-0.315126329375
130.0,240.0,-0.320095459281
130.0,240.0,-0.325054058674
130.0,240.0,-0.330002097298
130.0,240.0,-0.334939545016
130.0,240.0,-0.339866371812
130.0,240.0,-0.344782547786
130.0,240.0,-0.349688043162
130.0,240.0,-0.354582828282
130.0,240.0,-0.359466873609
130.0,240.0,-0.364340149726
130.0,240.0,-0.369202627337
130.0,240.0,-0.374054277268
130.0,240.0,-0.378895070463
130.0,240.0,-0.383724977992
130.0,240.0,-0.388543971043
130.0,240.0,-0.393352020927
130.0,240.0,-0.398149099077
130.0,240.0,-0.402935177049
130.0,240.0,-0.407710226519
130.0,240.0,-0.412474219288
130.0,240.0,-0.417227127279
130.0,240.0,-0.421968922538
130.0,240.0,-0.426699577233
130.0,240.0,-0.431419063658
130.0,240.0,-0.436127354228
130.0,240.0,-0.440824421484
130.0,240.0,-0.445510238088
130.0,240.0,-0.45018477683
130.0,240.0,-0.45484801062
130.0,250.0,-0.459499912497
130.0,250.0,-0.46414045562
130.0,250.0,-0.468769613278
130.0,250.0,-0.473387358881
130.0,250.0,-0.477993665966
130.0,250.0,-0.482588508196
130.0,250.0,-0.487171859357
130.0,250.0,-0.491743693364
130.0,250.0,-0.496303984256
130.0,250.0,-0.500852706199
130.0,250.0,-0.505389833486
130.0,250.0,-0.509915340534
130.0,250.0,-0.514429201889
130.0,250.0,-0.518931392223
130.0,250.0,-0.523421886335
130.0,250.0,-0.527900659152
130.0,250.0,-0.532367685728
130.0,250.0,-0.536822941243
130.0,250.0,-0.541266401007
130.0,250.0,-0.545698040457
130.0,250.0,-0.550117835156
130.0,250.0,-0.5545257608
130.0,250.0,-0.558921793208
130.0,250.0,-0.563305908331
130.0,250.0,-0.567678082247
130.0,250.0,-0.572038291165
130.0,250.0,-0.576386511419
130.0,250.0,-0.580722719477
130.0,250.0,-0.585046891932
130.0,250.0,-0.58935900551
130.0,250.0,-0.593659037063
130.0,250.0,-0.597946963577
130.0,250.0,-0.602222762163
130.0,250.0,-0.606486410067
130.0,250.0,-0.610737884661
130.0,250.0,-0.61497716345
130.0,250.0,-0.619204224069
130.0,250.0,-0.623419044283
130.0,250.0,-0.627621601988
130.0,250.0,-0.631811875211
130.0,250.0,-0.63598984211
130.0,250.0,-0.640155480975
130.0,250.0,-0.644308770226
130.0,250.0,-0.648449688414
130.0,250.0,-0.652578214224
130.0,250.0,-0.656694326472
130.0,250.0,-0.660798004103
130.0,250.0,-0.664889226198
130.0,250.0,-0.668967971968
130.0,250.0,-0.673034220757
140.0,250.0,-0.67708795204
140.0,250.0,-0.681129145427
140.0,250.0,-0.685157780657
140.0,250.0,-0.689173837606
140.0,250.0,-0.69317729628
140.0,250.0,-0.697168136819
140.0,250.0,-0.701146339496
140.0,250.0,-0.705111884717
140.0,250.0,-0.709064753021
140.0,260.0,-0.713004925082
140.0,260.0,-0.716932381706
140.0,260.0,-0.720847103833
140.0,260.0,-0.724749072538
140.0,260.0,-0.728638269029
140.0,260.0,-0.732514674648
140.0,260.0,-0.73637827087
140.0,260.0,-0.740229039307
140.0,260.0,-0.744066961704
140.0,260.0,-0.747892019939
140.0,260.0,-0.751704196026
140.0,260.0,-0.755503472115
140.0,260.0,-0.759289830488
140.0,260.0,-0.763063253564
140.0,260.0,-0.766823723895
140.0,260.0,-0.770571224171
140.0,260.0,-0.774305737214
140.0,260.0,-0.778027245984
140.0,260.0,-0.781735733573
140.0,260.0,-0.785431183213
140.0,260.0,-0.789113578266
140.0,260.0,-0.792782902236
140.0,260.0,-0.796439138757
140.0,260.0,-0.800082271601
140.0,260.0,-0.803712284678
140.0,260.0,-0.80732916203
140.0,260.0,-0.810932887839
140.0,260.0,-0.81452344642
140.0,260.0,-0.818100822225
140.0,260.0,-0.821664999844
140.0,260.0,-0.825215964001
140.0,260.0,-0.828753699558
140.0,260.0,-0.832278191514
140.0,260.0,-0.835789425002
140.0,260.0,-0.839287385295
140.0,260.0,-0.8427720578
140.0,260.0,-0.846243428063
140.0,260.0,-0.849701481766
140.0,260.0,-0.853146204726
140.0,260.0,-0.856577582901
140.0,260.0,-0.859995602382
140.0,260.0,-0.863400249401
140.0,260.0,-0.866791510324
140.0,260.0,-0.870169371657
140.0,260.0,-0.873533820041
140.0,260.0,-0.876884842255
140.0,260.0,-0.880222425217
140.0,260.0,-0.883546555981
140.0,260.0,-0.886857221739
140.0,260.0,-0.89015440982
140.0,260.0,-0.893438107692
140.0,260.0,-0.896708302959
140.0,260.0,-0.899964983365
140.0,260.0,-0.903208136791
140.0,260.0,-0.906437751254
140.0,260.0,-0.909653814911
140.0,260.0,-0.912856316057
140.0,260.0,-0.916045243125
140.0,260.0,-0.919220584683
140.0,270.0,-0.922382329443
140.0,270.0,-0.925530466249
140.0,270.0,-0.928664984088
140.0,270.0,-0.931785872082
140.0,270.0,-0.934893119493
140.0,270.0,-0.93798671572
140.0,270.0,-0.941066650303
140.0,270.0,-0.944132912916
140.0,270.0,-0.947185493376
140.0,270.0,-0.950224381634
140.0,270.0,-0.953249567785
140.0,270.0,-0.956261042056
140.0,270.0,-0.959258794818
140.0,270.0,-0.962242816577
140.0,270.0,-0.965213097979
140.0,270.0,-0.968169629809
140.0,270.0,-0.971112402989
140.0,270.0,-0.974041408582
140.0,270.0,-0.976956637788
140.0,270.0,-0.979858081946
140.0,270.0,-0.982745732532
140.0,270.0,-0.985619581165
140.0,270.0,-0.988479619598
140.0,270.0,-0.991325839725
140.0,270.0,-0.994158233579
150.0,270.0,-0.996976793332
150.0,270.0,-0.999781511292
150.0,270.0,-1.00257237991
150.0,270.0,-1.00534939177
150.0,270.0,-1.0081125396
150.0,270.0,-1.01086181627
150.0,270.0,-1.01359721478
150.0,270.0,-1.01631872827
150.0,270.0,-1.01902635002
150.0,270.0,-1.02172007346
150.0,270.0,-1.02439989213
150.0,270.0,-1.02706579975
150.0,270.0,-1.02971779015
150.0,270.0,-1.03235585729
150.0,270.0,-1.03497999531
150.0,270.0,-1.03759019844
150.0,270.0,-1.04018646108
150.0,270.0,-1.04276877776
150.0,270.0,-1.04533714314
150.0,270.0,-1.04789155205
150.0,270.0,-1.05043199941
150.0,270.0,-1.05295848033
150.0,270.0,-1.05547099001
150.0,270.0,-1.05796952383
150.0,270.0,-1.06045407727
150.0,270.0,-1.062924646
150.0,270.0,-1.06538122577
150.0,270.0,-1.0678238125
150.0,270.0,-1.07025240226
150.0,270.0,-1.07266699124
150.0,270.0,-1.07506757576
150.0,270.0,-1.07745415229
150.0,270.0,-1.07982671745
150.0,270.0,-1.08218526799
150.0,280.0,-1.08452980078
150.0,280.0,-1.08686031285
150.0,280.0,-1.08917680136
150.0,280.0,-1.09147926362
150.0,280.0,-1.09376769706
150.0,280.0,-1.09604209925
150.0,280.0,-1.09830246792
150.0,280.0,-1.10054880091
150.0,280.0,-1.10278109621
150.0,280.0,-1.10499935196
150.0,280.0,-1.10720356641
150.0,280.0,-1.10939373798
150.0,280.0,-1.11156986521
150.0,280.0,-1.11373194677
150.0,280.0,-1.11587998148
150.0,280.0,-1.1180139683
150.0,280.0,-1.12013390632
150.0,280.0,-1.12223979478
150.0,280.0,-1.12433163303
150.0,280.0,-1.12640942059
150.0,280.0,-1.12847315709
150.0,280.0,-1.13052284232
150.0,280.0,-1.1325584762
150.0,280.0,-1.13458005878
150.0,280.0,-1.13658759025
150.0,280.0,-1.13858107094
150.0,280.0,-1.14056050131
150.0,280.0,-1.14252588198
150.0,280.0,-1.14447721367
150.0,280.0,-1.14641449727
150.0,280.0,-1.14833773379
150.0,280.0,-1.15024692438
150.0,280.0,-1.15214207032
150.0,280.0,-1.15402317304
150.0,280.0,-1.15589023409
150.0,280.0,-1.15774325518
150.0,280.0,-1.15958223814
150.0,280.0,-1.16140718493
150.0,280.0,-1.16321809766
150.0,280.0,-1.16501497857
150.0,280.0,-1.16679783003
150.0,280.0,-1.16856665456
150.0,280.0,-1.17032145481
150.0,280.0,-1.17206223356
150.0,280.0,-1.17378899373
150.0,280.0,-1.17550173837
150.0,280.0,-1.17720047068
150.0,280.0,-1.17888519398
150.0,280.0,-1.18055591174
150.0,280.0,-1.18221262754
150.0,280.0,-1.18385534512
150.0,280.0,-1.18548406835
150.0,280.0,-1.18709880123
150.0,280.0,-1.18869954789
150.0,280.0,-1.19028631261
150.0,280.0,-1.19185909978
150.0,280.0,-1.19341791396
150.0,280.0,-1.19496275981
150.0,280.0,-1.19649364214
160.0,290.0,-1.19801056589
160.0,290.0,-1.19951353615
160.0,290.0,-1.20100255812
160.0,290.0,-1.20247763714
160.0,290.0,-1.2039387787
160.0,290.0,-1.20538598841
160.0,290.0,-1.206819272
160.0,290.0,-1.20823863537
160.0,290.0,-1.20964408451
160.0,290.0,-1.21103562558
160.0,290.0,-1.21241326486
160.0,290.0,-1.21377700875
160.0,290.0,-1.2151268638
160.0,290.0,-1.21646283669
160.0,290.0,-1.21778493422
160.0,290.0,-1.21909316333
160.0,290.0,-1.2203875311
160.0,290.0,-1.22166804474
160.0,290.0,-1.22293471158
160.0,290.0,-1.22418753909
160.0,290.0,-1.22542653487
160.0,290.0,-1.22665170666
160.0,290.0,-1.22786306232
160.0,290.0,-1.22906060985
160.0,290.0,-1.23024435737
160.0,290.0,-1.23141431315
160.0,290.0,-1.23257048556
160.0,290.0,-1.23371288314
160.0,290.0,-1.23484151453
160.0,290.0,-1.23595638852
160.0,290.0,-1.23705751401
160.0,290.0,-1.23814490005
160.0,290.0,-1.23921855581
160.0,290.0,-1.24027849059
160.0,290.0,-1.24132471382
160.0,290.0,-1.24235723507
160.0,290.0,-1.24337606403
160.0,290.0,-1.24438121051
160.0,290.0,-1.24537268447
160.0,290.0,-1.24635049599
160.0,290.0,-1.24731465527
160.0,290.0,-1.24826517265
160.0,290.0,-1.2492020586
160.0,290.0,-1.25012532371
160.0,290.0,-1.25103497869
160.0,290.0,-1.25193103441
160.0,290.0,-1.25281350184
160.0,290.0,-1.25368239208
160.0,290.0,-1.25453771637
160.0,290.0,-1.25537948606
160.0,290.0,-1.25620771266
160.0,290.0,-1.25702240777
160.0,290.0,-1.25782358313
160.0,290.0,-1.25861125061
160.0,290.0,-1.25938542222
160.0,290.0,-1.26014611007
160.0,290.0,-1.26089332641
160.0,290.0,-1.26162708361
160.0,290.0,-1.26234739419
160.0,300.0,-1.26305427075
160.0,300.0,-1.26374772606
160.0,300.0,-1.26442777299
160.0,300.0,-1.26509442455
160.0,300.0,-1.26574769386
160.0,300.0,-1.26638759417
160.0,300.0,-1.26701413887
160.0,300.0,-1.26762734145
160.0,300.0,-1.26822721555
160.0,300.0,-1.2688137749
160.0,300.0,-1.2693870334
160.0,300.0,-1.26994700502
160.0,300.0,-1.2704937039
160.0,300.0,-1.27102714429
160.0,300.0,-1.27154734054
160.0,300.0,-1.27205430715
160.0,300.0,-1.27254805874
160.0,300.0,-1.27302861004
160.0,300.0,-1.27349597591
160.0,300.0,-1.27395017133
160.0,300.0,-1.27439121141
160.0,300.0,-1.27481911137
160.0,300.0,-1.27523388655
160.0,300.0,-1.27563555244
160.0,300.0,-1.2760241246
160.0,300.0,-1.27639961877
160.0,300.0,-1.27676205076
160.0,300.0,-1.27711143653
160.0,300.0,-1.27744779216
160.0,300.0,-1.27777113383
160.0,300.0,-1.27808147785
160.0,300.0,-1.27837884067
160.0,300.0,-1.27866323883
170.0,300.0,-1.278934689
170.0,300.0,-1.27919320798
170.0,300.0,-1.27943881267
170.0,300.0,-1.27967152011
170.0,300.0,-1.27989134743
170.0,300.0,-1.2800983119
170.0,300.0,-1.28029243092
170.0,300.0,-1.28047372197
170.0,300.0,-1.28064220267
170.0,300.0,-1.28079789077
170.0,300.0,-1.28094080412
170.0,300.0,-1.28107096068
170.0,300.0,-1.28118837854
170.0,300.0,-1.28129307591
170.0,300.0,-1.2813850711
170.0,300.0,-1.28146438255
170.0,300.0,-1.28153102882
170.0,300.0,-1.28158502857
170.0,300.0,-1.28162640058
170.0,300.0,-1.28165516375
170.0,300.0,-1.28167133709
170.0,300.0,-1.28167493973
170.0,300.0,-1.28166599092
170.0,300.0,-1.28164451
170.0,300.0,-1.28161051645
170.0,300.0,-1.28156402985
170.0,310.0,-1.2815050699
170.0,310.0,-1.28143365641
170.0,310.0,-1.2813498093
170.0,310.0,-1.28125354861
170.0,310.0,-1.28114489449
170.0,310.0,-1.28102386719
170.0,310.0,-1.2808904871
170.0,310.0,-1.28074477469
170.0,310.0,-1.28058675056
170.0,310.0,-1.28041643542
170.0,310.0,-1.28023385009
170.0,310.0,-1.2800390155
170.0,310.0,-1.27983195269
170.0,310.0,-1.27961268281
170.0,310.0,-1.27938122711
170.0,310.0,-1.27913760697
170.0,310.0,-1.27888184388
170.0,310.0,-1.27861395941
170.0,310.0,-1.27833397526
170.0,310.0,-1.27804191325
170.0,310.0,-1.27773779528
170.0,310.0,-1.27742164339
170.0,310.0,-1.2770934797
170.0,310.0,-1.27675332645
170.0,310.0,-1.276401206
170.0,310.0,-1.27603714078
170.0,310.0,-1.27566115337
170.0,310.0,-1.27527326643
170.0,310.0,-1.27487350273
170.0,310.0,-1.27446188516
170.0,310.0,-1.27403843671
170.0,310.0,-1.27360318045
170.0,310.0,-1.2731561396
170.0,310.0,-1.27269733745
170.0,310.0,-1.2722267974
170.0,310.0,-1.27174454298
170.0,310.0,-1.2712505978
170.0,310.0,-1.27074498557
170.0,310.0,-1.27022773011
170.0,310.0,-1.26969885537
170.0,310.0,-1.26915838536
170.0,310.0,-1.26860634422
170.0,310.0,-1.26804275618
170.0,310.0,-1.26746764558
170.0,310.0,-1.26688103686
170.0,310.0,-1.26628295457
170.0,310.0,-1.26567342334
170.0,310.0,-1.26505246792
170.0,310.0,-1.26442011315
170.0,310.0,-1.26377638398
170.0,310.0,-1.26312130546
170.0,310.0,-1.26245490273
170.0,310.0,-1.26177720104
170.0,310.0,-1.26108822573
170.0,310.0,-1.26038800224
170.0,310.0,-1.25967655613
170.0,310.0,-1.25895391302
170.0,310.0,-1.25822009867
170.0,310.0,-1.25747513891
170.0,310.0,-1.25671905968
170.0,320.0,-1.255951887
170.0,320.0,-1.25517364701
170.0,320.0,-1.25438436594
170.0,320.0,-1.25358407011
170.0,320.0,-1.25277278594
170.0,320.0,-1.25195053995
170.0,320.0,-1.25111735875
180.0,320.0,-1.25027326904
180.0,320.0,-1.24941829762
180.0,320.0,-1.2485524714
180.0,320.0,-1.24767581737
180.0,320.0,-1.2467883626
180.0,320.0,-1.24589013429
180.0,320.0,-1.24498115969
180.0,320.0,-1.24406146618
180.0,320.0,-1.24313108122
180.0,320.0,-1.24219003236
180.0,320.0,-1.24123834723
180.0,320.0,-1.24027605359
180.0,320.0,-1.23930317924
180.0,320.0,-1.23831975212
180.0,320.0,-1.23732580023
180.0,320.0,-1.23632135167
180.0,320.0,-1.23530643464
180.0,320.0,-1.23428107741
180.0,320.0,-1.23324530835
180.0,320.0,-1.23219915593
180.0,320.0,-1.23114264869
180.0,320.0,-1.23007581527
180.0,320.0,-1.22899868441
180.0,320.0,-1.2279112849
180.0,320.0,-1.22681364567
180.0,320.0,-1.22570579569
180.0,320.0,-1.22458776404
180.0,320.0,-1.22345957989
180.0,320.0,-1.22232127249
180.0,320.0,-1.22117287118
180.0,320.0,-1.22001440538
180.0,320.0,-1.2188459046
180.0,320.0,-1.21766739844
180.0,320.0,-1.21647891656
180.0,320.0,-1.21528048874
180.0,320.0,-1.21407214483
180.0,320.0,-1.21285391476
180.0,320.0,-1.21162582853
180.0,320.0,-1.21038791626
180.0,320.0,-1.20914020812
180.0,320.0,-1.20788273439
180.0,320.0,-1.20661552539
180.0,320.0,-1.20533861158
180.0,320.0,-1.20405202345
180.0,320.0,-1.2027557916
180.0,320.0,-1.20144994669
180.0,320.0,-1.2001345195
180.0,320.0,-1.19880954084
180.0,320.0,-1.19747504164
180.0,320.0,-1.19613105289
180.0,320.0,-1.19477760565
180.0,320.0,-1.19341473109
180.0,330.0,-1.19204246044
180.0,330.0,-1.19066082499
180.0,330.0,-1.18926985615
180.0,330.0,-1.18786958537
180.0,330.0,-1.18646004419
180.0,330.0,-1.18504126424
180.0,330.0,-1.18361327721
180.0,330.0,-1.18217611488
180.0,330.0,-1.18072980908
180.0,330.0,-1.17927439175
180.0,330.0,-1.17780989487
180.0,330.0,-1.17633635053
180.0,330.0,-1.17485379088
180.0,330.0,-1.17336224813
180.0,330.0,-1.17186175457
180.0,330.0,-1.17035234259
180.0,330.0,-1.16883404462
180.0,330.0,-1.16730689317
180.0,330.0,-1.16577092084
180.0,330.0,-1.16422616028
180.0,330.0,-1.16267264422
180.0,330.0,-1.16111040547
180.0,330.0,-1.1595394769
180.0,330.0,-1.15795989146
180.0,330.0,-1.15637168215
180.0,330.0,-1.15477488207
180.0,330.0,-1.15316952437
180.0,330.0,-1.15155564226
180.0,330.0,-1.14993326905
180.0,330.0,-1.14830243809
180.0,330.0,-1.14666318282
180.0,330.0,-1.14501553672
180.0,330.0,-1.14335953337
180.0,330.0,-1.14169520639
180.0,330.0,-1.14002258948
180.0,330.0,-1.13834171641
180.0,330.0,-1.13665262101
180.0,330.0,-1.13495533716
180.0,330.0,-1.13324989884
180.0,330.0,-1.13153634007
180.0,330.0,-1.12981469494
190.0,330.0,-1.1280849976
190.0,330.0,-1.12634728227
190.0,330.0,-1.12460158324
190.0,330.0,-1.12284793484
190.0,330.0,-1.1210863715
190.0,330.0,-1.11931692766
190.0,330.0,-1.11753963788
190.0,330.0,-1.11575453674
190.0,330.0,-1.1139616589
190.0,330.0,-1.11216103907
190.0,330.0,-1.11035271203
190.0,330.0,-1.10853671261
190.0,330.0,-1.10671307571
190.0,330.0,-1.10488183629
190.0,330.0,-1.10304302937
190.0,330.0,-1.10119669
190.0,330.0,-1.09934285333
190.0,330.0,-1.09748155455
190.0,340.0,-1.0956128289
190.0,340.0,-1.09373671168
190.0,340.0,-1.09185323826
190.0,340.0,-1.08996244405
190.0,340.0,-1.08806436453
190.0,340.0,-1.08615903522
190.0,340.0,-1.08424649172
190.0,340.0,-1.08232676965
190.0,340.0,-1.08039990471
190.0,340.0,-1.07846593265
190.0,340.0,-1.07652488927
190.0,340.0,-1.07457681043
190.0,340.0,-1.07262173203
190.0,340.0,-1.07065969003
190.0,340.0,-1.06869072044
190.0,340.0,-1.06671485934
190.0,340.0,-1.06473214283
190.0,340.0,-1.06274260709
190.0,340.0,-1.06074628833
190.0,340.0,-1.05874322281
190.0,340.0,-1.05673344686
190.0,340.0,-1.05471699685
190.0,340.0,-1.05269390918
190.0,340.0,-1.05066422034
190.0,340.0,-1.04862796682
190.0,340.0,-1.04658518519
190.0,340.0,-1.04453591207
190.0,340.0,-1.04248018411
190.0,340.0,-1.04041803801
190.0,340.0,-1.03834951052
190.0,340.0,-1.03627463845
190.0,340.0,-1.03419345862
190.0,340.0,-1.03210600793
190.0,340.0,-1.03001232332
190.0,340.0,-1.02791244175
190.0,340.0,-1.02580640025
190.0,340.0,-1.02369423589
190.0,340.0,-1.02157598577
190.0,340.0,-1.01945168704
190.0,340.0,-1.01732137691
190.0,340.0,-1.01518509259
190.0,340.0,-1.01304287138
190.0,340.0,-1.01089475059
190.0,340.0,-1.00874076758
190.0,340.0,-1.00658095975
190.0,340.0,-1.00441536455
190.0,340.0,-1.00224401946
190.0,340.0,-1.00006696198
190.0,340.0,-0.997884229701
190.0,340.0,-0.995695860201
190.0,340.0,-0.993501891123
190.0,340.0,-0.991302360141
190.0,340.0,-0.989097304967
190.0,340.0,-0.986886763351
190.0,340.0,-0.984670773079
190.0,340.0,-0.982449371973
190.0,340.0,-0.980222597892
190.0,340.0,-0.977990488729
190.0,340.0,-0.975753082414
190.0,350.0,-0.97351041691
190.0,350.0,-0.971262530216
190.0,350.0,-0.969009460364
190.0,350.0,-0.966751245419
190.0,350.0,-0.964487923481
190.0,350.0,-0.962219532681
190.0,350.0,-0.959946111183
190.0,350.0,-0.957667697182
190.0,350.0,-0.955384328908
190.0,350.0,-0.953096044618
190.0,350.0,-0.950802882602
190.0,350.0,-0.94850488118
190.0,350.0,-0.946202078702
190.0,350.0,-0.943894513547
190.0,350.0,-0.941582224124
190.0,350.0,-0.939265248871
200.0,350.0,-0.936943626254
200.0,350.0,-0.934617394766
200.0,350.0,-0.932286592929
200.0,350.0,-0.929951259291
200.0,350.0,-0.927611432428
200.0,350.0,-0.925267150943
200.0,350.0,-0.922918453462
200.0,350.0,-0.920565378639
200.0,350.0,-0.918207965153
200.0,350.0,-0.915846251707
200.0,350.0,-0.913480277029
200.0,350.0,-0.911110079871
200.0,350.0,-0.908735699009
200.0,350.0,-0.90635717324
200.0,350.0,-0.903974541386
200.0,350.0,-0.901587842291
200.0,350.0,-0.89919711482
200.0,350.0,-0.896802397862
200.0,350.0,-0.894403730323
200.0,350.0,-0.892001151134
200.0,350.0,-0.889594699244
200.0,350.0,-0.887184413623
200.0,350.0,-0.88477033326
200.0,350.0,-0.882352497162
200.0,350.0,-0.879930944357
200.0,350.0,-0.877505713891
200.0,350.0,-0.875076844826
200.0,350.0,-0.872644376244
200.0,350.0,-0.870208347243
200.0,350.0,-0.867768796937
200.0,350.0,-0.865325764457
200.0,350.0,-0.862879288951
200.0,350.0,-0.860429409581
200.0,350.0,-0.857976165524
200.0,350.0,-0.855519595973
200.0,350.0,-0.853059740135
200.0,350.0,-0.85059663723
200.0,350.0,-0.848130326493
200.0,350.0,-0.84566084717
200.0,350.0,-0.843188238522
200.0,350.0,-0.84071253982
200.0,350.0,-0.838233790349
200.0,350.0,-0.835752029404
200.0,0.0,-0.833267296292
200.0,0.0,-0.83077963033
200.0,0.0,-0.828289070847
200.0,0.0,-0.825795657178
200.0,0.0,-0.823299428671
200.0,0.0,-0.820800424683
200.0,0.0,-0.818298684577
200.0,0.0,-0.815794247727
200.0,0.0,-0.813287153512
200.0,0.0,-0.810777441322
200.0,0.0,-0.808265150552
200.0,0.0,-0.805750320602
200.0,0.0,-0.803232990882
200.0,0.0,-0.800713200805
200.0,0.0,-0.798190989789
200.0,0.0,-0.79566639726
200.0,0.0,-0.793139462646
200.0,0.0,-0.79061022538
200.0,0.0,-0.788078724899
200.0,0.0,-0.785545000643
200.0,0.0,-0.783009092055
200.0,0.0,-0.780471038581
200.0,0.0,-0.777930879669
200.0,0.0,-0.775388654768
200.0,0.0,-0.772844403329
200.0,0.0,-0.770298164805
200.0,0.0,-0.767749978647
200.0,0.0,-0.765199884309
200.0,0.0,-0.762647921243
200.0,0.0,-0.760094128901
200.0,0.0,-0.757538546732
200.0,0.0,-0.754981214188
200.0,0.0,-0.752422170714
200.0,0.0,-0.749861455755
200.0,0.0,-0.747299108755
200.0,0.0,-0.744735169152
200.0,0.0,-0.742169676383
200.0,0.0,-0.739602669878
200.0,0.0,-0.737034189066
200.0,0.0,-0.73446427337
200.0,0.0,-0.731892962206
200.0,0.0,-0.729320294988
200.0,0.0,-0.726746311122
200.0,0.0,-0.724171050008
200.0,0.0,-0.721594551038
200.0,0.0,-0.7190168536
200.0,0.0,-0.716437997072
200.0,0.0,-0.713858020824
200.0,0.0,-0.71127696422
200.0,0.0,-0.708694866611
210.0,0.0,-0.706111767344
210.0,0.0,-0.703527705753
210.0,0.0,-0.700942721164
210.0,0.0,-0.698356852889
210.0,0.0,-0.695770140235
210.0,0.0,-0.693182622493
210.0,0.0,-0.690594338945
210.0,0.0,-0.68800532886
210.0,0.0,-0.685415631495
210.0,10.0,-0.682825286095
210.0,10.0,-0.680234331889
210.0,10.0,-0.677642808097
210.0,10.0,-0.67505075392
210.0,10.0,-0.67245820855
210.0,10.0,-0.669865211159
210.0,10.0,-0.667271800907
210.0,10.0,-0.664678016939
210.0,10.0,-0.662083898381
210.0,10.0,-0.659489484346
210.0,10.0,-0.656894813927
210.0,10.0,-0.654299926203
210.0,10.0,-0.651704860234
210.0,10.0,-0.649109655061
210.0,10.0,-0.646514349708
210.0,10.0,-0.64391898318
210.0,10.0,-0.641323594464
210.0,10.0,-0.638728222525
210.0,10.0,-0.636132906309
210.0,10.0,-0.633537684744
210.0,10.0,-0.630942596733
210.0,10.0,-0.628347681162
210.0,10.0,-0.625752976893
210.0,10.0,-0.623158522766
210.0,10.0,-0.620564357601
210.0,10.0,-0.617970520192
210.0,10.0,-0.615377049314
210.0,10.0,-0.612783983714
210.0,10.0,-0.610191362118
210.0,10.0,-0.607599223227
210.0,10.0,-0.605007605717
210.0,10.0,-0.60241654824
210.0,10.0,-0.599826089421
210.0,10.0,-0.59723626786
210.0,10.0,-0.594647122131
210.0,10.0,-0.592058690781
210.0,10.0,-0.58947101233
210.0,10.0,-0.586884125271
210.0,10.0,-0.584298068068
210.0,10.0,-0.581712879157
210.0,10.0,-0.579128596947
210.0,10.0,-0.576545259817
210.0,10.0,-0.573962906115
210.0,10.0,-0.571381574163
210.0,10.0,-0.56880130225
210.0,10.0,-0.566222128634
210.0,10.0,-0.563644091543
210.0,10.0,-0.561067229176
210.0,10.0,-0.558491579696
210.0,10.0,-0.555917181237
210.0,10.0,-0.553344071899
210.0,10.0,-0.55077228975
210.0,10.0,-0.548201872824
210.0,10.0,-0.545632859122
210.0,10.0,-0.54306528661
210.0,10.0,-0.540499193222
210.0,10.0,-0.537934616853
210.0,10.0,-0.535371595367
210.0,10.0,-0.53281016659
210.0,20.0,-0.530250368314
210.0,20.0,-0.527692238291
210.0,20.0,-0.52513581424
210.0,20.0,-0.522581133842
210.0,20.0,-0.520028234739
210.0,20.0,-0.517477154536
210.0,20.0,-0.514927930801
210.0,20.0,-0.512380601062
210.0,20.0,-0.509835202808
210.0,20.0,-0.507291773488
210.0,20.0,-0.504750350513
210.0,20.0,-0.502210971253
210.0,20.0,-0.499673673037
210.0,20.0,-0.497138493153
210.0,20.0,-0.494605468849
210.0,20.0,-0.49207463733
210.0,20.0,-0.489546035759
210.0,20.0,-0.487019701257
210.0,20.0,-0.484495670903
210.0,20.0,-0.481973981732
210.0,20.0,-0.479454670735
210.0,20.0,-0.476937774858
210.0,20.0,-0.474423331007
210.0,20.0,-0.471911376038
210.0,20.0,-0.469401946767
220.0,20.0,-0.466895079959
220.0,20.0,-0.464390812338
220.0,20.0,-0.461889180581
220.0,20.0,-0.459390221315
220.0,20.0,-0.456893971124
220.0,20.0,-0.454400466543
220.0,20.0,-0.45190974406
220.0,20.0,-0.449421840114
220.0,20.0,-0.446936791097
220.0,20.0,-0.44445463335
220.0,20.0,-0.441975403168
220.0,20.0,-0.439499136794
220.0,20.0,-0.437025870421
220.0,20.0,-0.434555640194
220.0,20.0,-0.432088482206
220.0,20.0,-0.429624432498
220.0,20.0,-0.427163527062
220.0,20.0,-0.424705801836
220.0,20.0,-0.422251292708
220.0,20.0,-0.419800035512
220.0,20.0,-0.41735206603
220.0,20.0,-0.41490741999
220.0,20.0,-0.412466133068
220.0,20.0,-0.410028240884
220.0,20.0,-0.407593779007
220.0,20.0,-0.405162782947
220.0,20.0,-0.402735288163
220.0,20.0,-0.400311330057
220.0,20.0,-0.397890943975
220.0,20.0,-0.395474165208
220.0,20.0,-0.393061028989
220.0,20.0,-0.390651570496
220.0,20.0,-0.388245824849
220.0,20.0,-0.385843827111
220.0,20.0,-0.383445612286
220.0,30.0,-0.381051215321
220.0,30.0,-0.378660671105
220.0,30.0,-0.376274014467
220.0,30.0,-0.373891280177
220.0,30.0,-0.371512502945
220.0,30.0,-0.369137717422
220.0,30.0,-0.366766958198
220.0,30.0,-0.364400259803
220.0,30.0,-0.362037656706
220.0,30.0,-0.359679183313
220.0,30.0,-0.357324873971
220.0,30.0,-0.354974762963
220.0,30.0,-0.35262888451
220.0,30.0,-0.35028727277
220.0,30.0,-0.34794996184
220.0,30.0,-0.345616985752
220.0,30.0,-0.343288378472
220.0,30.0,-0.340964173907
220.0,30.0,-0.338644405894
220.0,30.0,-0.33632910821
220.0,30.0,-0.334018314564
220.0,30.0,-0.3317120586
220.0,30.0,-0.329410373897
220.0,30.0,-0.327113293967
220.0,30.0,-0.324820852257
220.0,30.0,-0.322533082144
220.0,30.0,-0.320250016941
220.0,30.0,-0.317971689892
220.0,30.0,-0.315698134174
220.0,30.0,-0.313429382895
220.0,30.0,-0.311165469094
220.0,30.0,-0.308906425743
220.0,30.0,-0.306652285744
220.0,30.0,-0.304403081928
220.0,30.0,-0.302158847058
220.0,30.0,-0.299919613827
220.0,30.0,-0.297685414855
220.0,30.0,-0.295456282694
220.0,30.0,-0.293232249824
220.0,30.0,-0.291013348652
220.0,30.0,-0.288799611515
220.0,30.0,-0.286591070677
220.0,30.0,-0.28438775833
220.0,30.0,-0.282189706593
220.0,30.0,-0.279996947511
220.0,30.0,-0.277809513057
220.0,30.0,-0.275627435128
220.0,30.0,-0.273450745551
220.0,30.0,-0.271279476074
220.0,30.0,-0.269113658373
220.0,30.0,-0.266953324047
220.0,30.0,-0.264798504623
220.0,30.0,-0.262649231547
220.0,30.0,-0.260505536195
220.0,30.0,-0.258367449862
220.0,30.0,-0.256235003767
220.0,30.0,-0.254108229056
220.0,30.0,-0.251987156792
230.0,30.0,-0.249871817964
230.0,40.0,-0.247762243482
230.0,40.0,-0.245658464178
230.0,40.0,-0.243560510806
230.0,40.0,-0.24146841404
230.0,40.0,-0.239382204475
230.0,40.0,-0.237301912626
230.0,40.0,-0.235227568931
230.0,40.0,-0.233159203746
230.0,40.0,-0.231096847344
230.0,40.0,-0.229040529922
230.0,40.0,-0.226990281593
230.0,40.0,-0.22494613239
230.0,40.0,-0.222908112263
230.0,40.0,-0.220876251082
230.0,40.0,-0.218850578632
230.0,40.0,-0.216831124618
230.0,40.0,-0.214817918662
230.0,40.0,-0.212810990301
230.0,40.0,-0.210810368989
230.0,40.0,-0.208816084099
230.0,40.0,-0.206828164917
230.0,40.0,-0.204846640645
230.0,40.0,-0.202871540401
230.0,40.0,-0.200902893218
230.0,40.0,-0.198940728044
230.0,40.0,-0.196985073742
230.0,40.0,-0.195035959087
230.0,40.0,-0.193093412769
230.0,40.0,-0.191157463394
230.0,40.0,-0.189228139478
230.0,40.0,-0.187305469451
230.0,40.0,-0.185389481656
230.0,40.0,-0.183480204348
230.0,40.0,-0.181577665697
230.0,40.0,-0.17968189378
230.0,40.0,-0.177792916588
230.0,40.0,-0.175910762025
230.0,40.0,-0.174035457904
230.0,40.0,-0.172167031948
230.0,40.0,-0.170305511793
230.0,40.0,-0.168450924983
230.0,40.0,-0.166603298972
230.0,40.0,-0.164762661126
230.0,40.0,-0.162929038717
230.0,40.0,-0.161102458929
230.0,40.0,-0.159282948853
230.0,40.0,-0.157470535489
230.0,40.0,-0.155665245745
230.0,40.0,-0.153867106437
230.0,40.0,-0.152076144289
230.0,40.0,-0.150292385933
230.0,40.0,-0.148515857907
230.0,40.0,-0.146746586657
230.0,40.0,-0.144984598533
230.0,40.0,-0.143229919795
230.0,40.0,-0.141482576608
230.0,40.0,-0.13974259504
230.0,40.0,-0.138010001068
230.0,40.0,-0.136284820573
230.0,50.0,-0.13456707934
230.0,50.0,-0.132856803062
230.0,50.0,-0.131154017332
230.0,50.0,-0.12945874765
230.0,50.0,-0.127771019421
230.0,50.0,-0.12609085795
230.0,50.0,-0.124418288448
230.0,50.0,-0.12275333603
230.0,50.0,-0.121096025713
230.0,50.0,-0.119446382414
230.0,50.0,-0.117804430957
230.0,50.0,-0.116170196066
230.0,50.0,-0.114543702366
230.0,50.0,-0.112924974385
230.0,50.0,-0.111314036552
230.0,50.0,-0.109710913198
230.0,50.0,-0.108115628553
230.0,50.0,-0.10652820675
230.0,50.0,-0.10494867182
230.0,50.0,-0.103377047697
230.0,50.0,-0.101813358212
230.0,50.0,-0.100257627099
230.0,50.0,-0.0987098779871
230.0,50.0,-0.0971701344089
230.0,50.0,-0.0956384197936
230.0,50.0,-0.0941147574698
230.0,50.0,-0.0925991706645
230.0,50.0,-0.091091682503
230.0,50.0,-0.0895923160086
230.0,50.0,-0.0881010941023
230.0,50.0,-0.0866180396029
230.0,50.0,-0.0851431752263
240.0,50.0,-0.0836765235856
240.0,50.0,-0.0822181071907
240.0,50.0,-0.0807679484482
240.0,50.0,-0.0793260696609
240.0,50.0,-0.077892493028
240.0,50.0,-0.0764672406446
240.0,50.0,-0.0750503345014
240.0,50.0,-0.0736417964847
240.0,50.0,-0.0722416483761
240.0,50.0,-0.0708499118521
240.0,50.0,-0.0694666084841
240.0,50.0,-0.0680917597381
240.0,50.0,-0.0667253869745
240.0,50.0,-0.0653675114478
240.0,50.0,-0.0640181543065
240.0,50.0,-0.0626773365928
240.0,50.0,-0.0613450792424
240.0,50.0,-0.0600214030844
240.0,50.0,-0.0587063288408
240.0,50.0,-0.0573998771265
240.0,50.0,-0.0561020684492
240.0,50.0,-0.054812923209
240.0,50.0,-0.0535324616981
240.0,50.0,-0.0522607041009
240.0,50.0,-0.0509976704934
240.0,50.0,-0.0497433808434
240.0,50.0,-0.0484978550102
240.0,60.0,-0.0472611127439
240.0,60.0,-0.0460331736861
240.0,60.0,-0.0448140573688
240.0,60.0,-0.0436037832148
240.0,60.0,-0.0424023705372
240.0,60.0,-0.0412098385394
240.0,60.0,-0.0400262063146
240.0,60.0,-0.0388514928461
240.0,60.0,-0.0376857170065
240.0,60.0,-0.0365288975581
240.0,60.0,-0.0353810531521
240.0,60.0,-0.0342422023289
240.0,60.0,-0.0331123635178
240.0,60.0,-0.0319915550367
240.0,60.0,-0.0308797950917
240.0,60.0,-0.0297771017775
240.0,60.0,-0.0286834930768
240.0,60.0,-0.0275989868601
240.0,60.0,-0.0265236008856
240.0,60.0,-0.025457352799
240.0,60.0,-0.0244002601335
240.0,60.0,-0.0233523403093
240.0,60.0,-0.0223136106337
240.0,60.0,-0.0212840883007
240.0,60.0,-0.0202637903909
240.0,60.0,-0.0192527338713
240.0,60.0,-0.0182509355954
240.0,60.0,-0.0172584123026
240.0,60.0,-0.0162751806182
240.0,60.0,-0.0153012570532
240.0,60.0,-0.0143366580044
240.0,60.0,-0.0133813997539
240.0,60.0,-0.0124354984688
240.0,60.0,-0.0114989702015
240.0,60.0,-0.0105718308893
240.0,60.0,-0.00965409635406
240.0,60.0,-0.0087457823024
240.0,60.0,-0.0078469043252
240.0,60.0,-0.00695747789761
240.0,60.0,-0.00607751837886
240.0,60.0,-0.00520704101209
240.0,60.0,-0.00434606092419
240.0,60.0,-0.00349459312565
240.0,60.0,-0.00265265251039
240.0,60.0,-0.0018202538556
240.0,60.0,-0.000997411821633
240.0,60.0,-0.000184140951774
240.0,60.0,0.000619544327852
240.0,60.0,0.00141362970846
240.0,60.0,0.00219810099873
240.0,60.0,0.00297294412501
240.0,60.0,0.00373814513139
240.0,60.0,0.0044936901799
240.0,60.0,0.00523956555066
240.0,60.0,0.00597575764199
240.0,60.0,0.00670225297057
240.0,60.0,0.00741903817159
240.0,60.0,0.00812609999888
240.0,60.0,0.00882342532506
240.0,70.0,0.00951100114167
240.0,70.0,0.0101888145593
240.0,70.0,0.0108568528078
240.0,70.0,0.0115151032363
240.0,70.0,0.0121635533133
240.0,70.0,0.0128021906271
240.0,70.0,0.0134310028856
250.0,70.0,0.0140499779166
250.0,70.0,0.0146591036679
250.0,70.0,0.0152583682075
250.0,70.0,0.0158477597234
250.0,70.0,0.0164272665243
250.0,70.0,0.0169968770391
250.0,70.0,0.0175565798176
250.0,70.0,0.0181063635301
250.0,70.0,0.0186462169679
250.0,70.0,0.0191761290433
250.0,70.0,0.0196960887897
250.0,70.0,0.0202060853616
250.0,70.0,0.0207061080351
250.0,70.0,0.0211961462074
250.0,70.0,0.0216761893977
250.0,70.0,0.0221462272465
250.0,70.0,0.0226062495162
250.0,70.0,0.0230562460914
250.0,70.0,0.0234962069783
250.0,70.0,0.0239261223055
250.0,70.0,0.0243459823237
250.0,70.0,0.0247557774059
250.0,70.0,0.0251554980478
250.0,70.0,0.0255451348673
250.0,70.0,0.0259246786053
250.0,70.0,0.0262941201252
250.0,70.0,0.0266534504133
250.0,70.0,0.0270026605789
250.0,70.0,0.0273417418544
250.0,70.0,0.0276706855952
250.0,70.0,0.02798948328
250.0,70.0,0.028298126511
250.0,70.0,0.0285966070135
250.0,70.0,0.0288849166366
250.0,70.0,0.029163047353
250.0,70.0,0.0294309912589
250.0,70.0,0.0296887405744
250.0,70.0,0.0299362876435
250.0,70.0,0.0301736249342
250.0,70.0,0.0304007450384
250.0,70.0,0.0306176406722
250.0,70.0,0.0308243046761
250.0,70.0,0.0310207300145
250.0,70.0,0.0312069097766
250.0,70.0,0.0313828371756
250.0,70.0,0.0315485055497
250.0,70.0,0.0317039083614
250.0,70.0,0.0318490391978
250.0,70.0,0.0319838917712
250.0,70.0,0.0321084599181
250.0,70.0,0.0322227376005
250.0,70.0,0.032326718905
250.0,80.0,0.0324203980432
250.0,80.0,0.0325037693522
250.0,80.0,0.0325768272937
250.0,80.0,0.0326395664552
250.0,80.0,0.032691981549
250.0,80.0,0.0327340674132
250.0,80.0,0.032765819011
250.0,80.0,0.0327872314313
250.0,80.0,0.0327982998883
250.0,80.0,0.032799019722
250.0,80.0,0.0327893863981
250.0,80.0,0.0327693955078
250.0,80.0,0.0327390427683
250.0,80.0,0.0326983240223
250.0,80.0,0.0326472352388
250.0,80.0,0.0325857725124
250.0,80.0,0.0325139320637
250.0,80.0,0.0324317102395
250.0,80.0,0.0323391035125
250.0,80.0,0.0322361084815
250.0,80.0,0.0321227218716
250.0,80.0,0.0319989405341
250.0,80.0,0.0318647614464
250.0,80.0,0.0317201817121
250.0,80.0,0.0315651985615
250.0,80.0,0.031399809351
250.0,80.0,0.0312240115633
250.0,80.0,0.0310378028077
250.0,80.0,0.03084118082
250.0,80.0,0.0306341434624
250.0,80.0,0.0304166887237
250.0,80.0,0.0301888147192
250.0,80.0,0.0299505196908
250.0,80.0,0.0297018020071
250.0,80.0,0.0294426601633
250.0,80.0,0.0291730927813
250.0,80.0,0.0288930986097
250.0,80.0,0.0286026765237
250.0,80.0,0.0283018255254
250.0,80.0,0.0279905447437
250.0,80.0,0.0276688334342
260.0,80.0,0.0273366909793
260.0,80.0,0.0269941168882
260.0,80.0,0.026641110797
260.0,80.0,0.0262776724687
260.0,80.0,0.0259038017931
260.0,80.0,0.0255194987868
260.0,80.0,0.0251247635935
260.0,80.0,0.0247195964837
260.0,80.0,0.0243039978548
260.0,80.0,0.023877968231
260.0,80.0,0.0234415082637
260.0,80.0,0.0229946187311
260.0,80.0,0.0225373005382
260.0,80.0,0.0220695547171
260.0,80.0,0.0215913824268
260.0,80.0,0.0211027849533
260.0,80.0,0.0206037637095
260.0,80.0,0.020094320235
260.0,90.0,0.0195744561968
260.0,90.0,0.0190441733885
260.0,90.0,0.0185034737306
260.0,90.0,0.0179523592707
260.0,90.0,0.0173908321833
260.0,90.0,0.0168188947695
260.0,90.0,0.0162365494577
260.0,90.0,0.0156437988029
260.0,90.0,0.0150406454871
260.0,90.0,0.014427092319
260.0,90.0,0.0138031422342
260.0,90.0,0.0131687982953
260.0,90.0,0.0125240636913
260.0,90.0,0.0118689417384
260.0,90.0,0.0112034358792
260.0,90.0,0.0105275496832
260.0,90.0,0.00984128684676
260.0,90.0,0.0091446511926
260.0,90.0,0.00843764667032
260.0,90.0,0.00772027735609
260.0,90.0,0.00699254745268
260.0,90.0,0.00625446128946
260.0,90.0,0.0055060233223
260.0,90.0,0.00474723813364
260.0,90.0,0.00397811043236
260.0,90.0,0.00319864505379
260.0,90.0,0.00240884695967
260.0,90.0,0.00160872123814
260.0,90.0,0.000798273103626
260.0,90.0,-2.24921031069e-05
260.0,90.0,-0.00085356891506
260.0,90.0,-0.00169495173902
260.0,90.0,-0.00254663485559
260.0,90.0,-0.00340861241926
260.0,90.0,-0.00428087845844
260.0,90.0,-0.00516342687549
260.0,90.0,-0.0060562514468
260.0,90.0,-0.00695934582282
260.0,90.0,-0.00787270352809
260.0,90.0,-0.00879631796135
260.0,90.0,-0.00973018239553
260.0,90.0,-0.0106742899778
260.0,90.0,-0.0116286337298
260.0,90.0,-0.0125932065474
260.0,90.0,-0.0135680012009
260.0,90.0,-0.0145530103351
260.0,90.0,-0.0155482264696
260.0,90.0,-0.0165536419983
260.0,90.0,-0.01756924919
260.0,90.0,-0.0185950401881
260.0,90.0,-0.0196310070109
260.0,90.0,-0.0206771415515
260.0,90.0,-0.0217334355781
260.0,90.0,-0.0227998807337
260.0,90.0,-0.0238764685365
260.0,90.0,-0.0249631903799
260.0,90.0,-0.0260600375324
260.0,90.0,-0.027167001138
260.0,90.0,-0.0282840722158
260.0,90.0,-0.0294112416606
260.0,100.0,-0.0305485002425
260.0,100.0,-0.0316958386074
260.0,100.0,-0.0328532472768
260.0,100.0,-0.0340207166481
260.0,100.0,-0.0351982369942
260.0,100.0,-0.0363857984643
260.0,100.0,-0.0375833910834
260.0,100.0,-0.0387910047527
260.0,100.0,-0.0400086292496
260.0,100.0,-0.0412362542277
260.0,100.0,-0.0424738692169
260.0,100.0,-0.0437214636239
260.0,100.0,-0.0449790267314
260.0,100.0,-0.0462465476993
260.0,100.0,-0.0475240155638
270.0,100.0,-0.0488114192382
270.0,100.0,-0.0501087475126
270.0,100.0,-0.0514159890541
270.0,100.0,-0.052733132407
270.0,100.0,-0.0540601659928
270.0,100.0,-0.0553970781103
270.0,100.0,-0.0567438569358
270.0,100.0,-0.058100490523
270.0,100.0,-0.0594669668033
270.0,100.0,-0.0608432735859
270.0,100.0,-0.0622293985577
270.0,100.0,-0.0636253292838
270.0,100.0,-0.065031053207
270.0,100.0,-0.0664465576486
270.0,100.0,-0.0678718298081
270.0,100.0,-0.0693068567633
270.0,100.0,-0.0707516254706
270.0,100.0,-0.072206122765
270.0,100.0,-0.0736703353603
270.0,100.0,-0.0751442498491
270.0,100.0,-0.0766278527031
270.0,100.0,-0.0781211302729
270.0,100.0,-0.0796240687884
270.0,100.0,-0.0811366543591
270.0,100.0,-0.0826588729735
270.0,100.0,-0.0841907105002
270.0,100.0,-0.0857321526871
270.0,100.0,-0.0872831851622
270.0,100.0,-0.0888437934334
270.0,100.0,-0.0904139628887
270.0,100.0,-0.0919936787964
270.0,100.0,-0.0935829263052
270.0,100.0,-0.0951816904441
270.0,100.0,-0.0967899561229
270.0,100.0,-0.0984077081321
270.0,100.0,-0.100034931143
270.0,100.0,-0.101671609709
270.0,100.0,-0.103317728263
270.0,100.0,-0.10497327112
270.0,100.0,-0.106638222476
270.0,100.0,-0.108312566411
270.0,100.0,-0.109996286882
270.0,100.0,-0.111689367734
270.0,100.0,-0.113391792688
270.0,110.0,-0.115103545352
270.0,110.0,-0.116824609213
270.0,110.0,-0.118554967643
270.0,110.0,-0.120294603894
270.0,110.0,-0.122043501104
270.0,110.0,-0.123801642291
270.0,110.0,-0.125569010357
270.0,110.0,-0.127345588089
270.0,110.0,-0.129131358155
270.0,110.0,-0.130926303108
270.0,110.0,-0.132730405384
270.0,110.0,-0.134543647303
270.0,110.0,-0.13636601107
270.0,110.0,-0.138197478772
270.0,110.0,-0.140038032383
270.0,110.0,-0.141887653761
270.0,110.0,-0.143746324646
270.0,110.0,-0.145614026667
270.0,110.0,-0.147490741334
270.0,110.0,-0.149376450046
270.0,110.0,-0.151271134084
270.0,110.0,-0.153174774617
270.0,110.0,-0.155087352699
270.0,110.0,-0.157008849269
270.0,110.0,-0.158939245153
270.0,110.0,-0.160878521064
270.0,110.0,-0.162826657599
270.0,110.0,-0.164783635243
270.0,110.0,-0.166749434369
270.0,110.0,-0.168724035235
270.0,110.0,-0.170707417988
270.0,110.0,-0.172699562659
270.0,110.0,-0.174700449171
270.0,110.0,-0.176710057331
270.0,110.0,-0.178728366837
270.0,110.0,-0.180755357271
270.0,110.0,-0.182791008107
270.0,110.0,-0.184835298706
270.0,110.0,-0.186888208317
270.0,110.0,-0.18894971608
270.0,110.0,-0.191019801021
270.0,110.0,-0.193098442057
270.0,110.0,-0.195185617995
270.0,110.0,-0.19728130753
270.0,110.0,-0.199385489247
270.0,110.0,-0.201498141622
270.0,110.0,-0.203619243021
270.0,110.0,-0.2057487717
270.0,110.0,-0.207886705805
280.0,110.0,-0.210033023374
280.0,110.0,-0.212187702335
280.0,110.0,-0.214350720509
280.0,110.0,-0.216522055605
280.0,110.0,-0.218701685227
280.0,110.0,-0.220889586868
280.0,110.0,-0.223085737917
280.0,110.0,-0.22529011565
280.0,110.0,-0.22750269724
280.0,110.0,-0.22972345975
280.0,120.0,-0.231952380137
280.0,120.0,-0.234189435251
280.0,120.0,-0.236434601834
280.0,120.0,-0.238687856523
280.0,120.0,-0.24094917585
280.0,120.0,-0.243218536236
280.0,120.0,-0.245495914003
280.0,120.0,-0.247781285361
280.0,120.0,-0.250074626418
280.0,120.0,-0.252375913178
280.0,120.0,-0.254685121536
280.0,120.0,-0.257002227286
280.0,120.0,-0.259327206116
280.0,120.0,-0.261660033609
280.0,120.0,-0.264000685245
280.0,120.0,-0.2663491364
280.0,120.0,-0.268705362347
280.0,120.0,-0.271069338255
280.0,120.0,-0.273441039188
280.0,120.0,-0.275820440112
280.0,120.0,-0.278207515885
280.0,120.0,-0.280602241265
280.0,120.0,-0.283004590909
280.0,120.0,-0.285414539371
280.0,120.0,-0.287832061101
280.0,120.0,-0.290257130451
280.0,120.0,-0.292689721671
280.0,120.0,-0.295129808908
280.0,120.0,-0.29757736621
280.0,120.0,-0.300032367524
280.0,120.0,-0.302494786697
280.0,120.0,-0.304964597476
280.0,120.0,-0.307441773508
280.0,120.0,-0.30992628834
280.0,120.0,-0.312418115421
280.0,120.0,-0.314917228099
280.0,120.0,-0.317423599625
280.0,120.0,-0.319937203152
280.0,120.0,-0.322458011732
280.0,120.0,-0.324985998321
280.0,120.0,-0.327521135777
280.0,120.0,-0.33006339686
280.0,120.0,-0.332612754233
280.0,120.0,-0.335169180462
280.0,120.0,-0.337732648017
280.0,120.0,-0.340303129269
280.0,120.0,-0.342880596496
280.0,120.0,-0.345465021878
280.0,120.0,-0.3480563775
280.0,120.0,-0.35065463535
280.0,120.0,-0.353259767324
280.0,120.0,-0.355871745221
280.0,120.0,-0.358490540745
280.0,120.0,-0.361116125506
280.0,120.0,-0.36374847102
280.0,120.0,-0.36638754871
280.0,120.0,-0.369033329904
280.0,120.0,-0.371685785837
280.0,120.0,-0.374344887652
280.0,130.0,-0.377010606398
280.0,130.0,-0.379682913033
280.0,130.0,-0.38236177842
280.0,130.0,-0.385047173332
280.0,130.0,-0.387739068452
280.0,130.0,-0.390437434367
280.0,130.0,-0.393142241578
280.0,130.0,-0.395853460491
280.0,130.0,-0.398571061424
280.0,130.0,-0.401295014603
280.0,130.0,-0.404025290166
280.0,130.0,-0.406761858159
280.0,130.0,-0.40950468854
280.0,130.0,-0.412253751178
280.0,130.0,-0.415009015852
280.0,130.0,-0.417770452254
280.0,130.0,-0.420538029985
280.0,130.0,-0.423311718562
280.0,130.0,-0.426091487409
280.0,130.0,-0.428877305868
280.0,130.0,-0.431669143191
280.0,130.0,-0.434466968542
280.0,130.0,-0.437270751002
280.0,130.0,-0.440080459562
290.0,130.0,-0.442896063129
290.0,130.0,-0.445717530524
290.0,130.0,-0.448544830484
290.0,130.0,-0.451377931658
290.0,130.0,-0.454216802612
290.0,130.0,-0.457061411827
290.0,130.0,-0.4599117277
290.0,130.0,-0.462767718544
290.0,130.0,-0.465629352589
290.0,130.0,-0.468496597981
290.0,130.0,-0.471369422783
290.0,130.0,-0.474247794976
290.0,130.0,-0.477131682456
290.0,130.0,-0.480021053042
290.0,130.0,-0.482915874466
290.0,130.0,-0.485816114381
290.0,130.0,-0.488721740359
290.0,130.0,-0.49163271989
290.0,130.0,-0.494549020385
290.0,130.0,-0.497470609173
290.0,130.0,-0.500397453504
290.0,130.0,-0.503329520549
290.0,130.0,-0.506266777398
290.0,130.0,-0.509209191063
290.0,130.0,-0.512156728478
290.0,130.0,-0.515109356497
290.0,130.0,-0.518067041898
290.0,130.0,-0.521029751379
290.0,130.0,-0.523997451562
290.0,130.0,-0.526970108991
290.0,130.0,-0.529947690135
290.0,130.0,-0.532930161383
290.0,130.0,-0.535917489053
290.0,130.0,-0.538909639382
290.0,130.0,-0.541906578535
290.0,140.0,-0.544908272599
290.0,140.0,-0.54791468759
290.0,140.0,-0.550925789445
290.0,140.0,-0.55394154403
290.0,140.0,-0.556961917136
290.0,140.0,-0.559986874481
290.0,140.0,-0.563016381707
290.0,140.0,-0.566050404388
290.0,140.0,-0.569088908021
290.0,140.0,-0.572131858034
290.0,140.0,-0.575179219779
290.0,140.0,-0.578230958542
290.0,140.0,-0.581287039532
290.0,140.0,-0.584347427891
290.0,140.0,-0.587412088689
290.0,140.0,-0.590480986926
290.0,140.0,-0.593554087532
290.0,140.0,-0.596631355367
290.0,140.0,-0.599712755222
290.0,140.0,-0.60279825182
290.0,140.0,-0.605887809813
290.0,140.0,-0.608981393788
290.0,140.0,-0.612078968261
290.0,140.0,-0.615180497682
290.0,140.0,-0.618285946435
290.0,140.0,-0.621395278833
290.0,140.0,-0.624508459128
290.0,140.0,-0.627625451501
290.0,140.0,-0.63074622007
290.0,140.0,-0.633870728887
290.0,140.0,-0.636998941936
290.0,140.0,-0.640130823141
290.0,140.0,-0.643266336358
290.0,140.0,-0.64640544538
290.0,140.0,-0.649548113935
290.0,140.0,-0.652694305691
290.0,140.0,-0.655843984248
290.0,140.0,-0.658997113147
290.0,140.0,-0.662153655866
290.0,140.0,-0.665313575819
290.0,140.0,-0.66847683636
290.0,140.0,-0.671643400781
290.0,140.0,-0.674813232314
290.0,140.0,-0.677986294129
290.0,140.0,-0.681162549337
290.0,140.0,-0.684341960988
290.0,140.0,-0.687524492072
290.0,140.0,-0.690710105521
290.0,140.0,-0.693898764208
290.0,140.0,-0.697090430947
290.0,140.0,-0.700285068494
290.0,140.0,-0.703482639547
290.0,140.0,-0.706683106747
290.0,140.0,-0.709886432677
290.0,140.0,-0.713092579865
290.0,140.0,-0.71630151078
290.0,140.0,-0.719513187839
290.0,140.0,-0.722727573398
300.0,140.0,-0.725944629763
300.0,150.0,-0.729164319181
300.0,150.0,-0.732386603847
300.0,150.0,-0.735611445901
300.0,150.0,-0.738838807428
300.0,150.0,-0.742068650463
300.0,150.0,-0.745300936983
300.0,150.0,-0.748535628916
300.0,150.0,-0.751772688137
300.0,150.0,-0.755012076467
300.0,150.0,-0.758253755678
300.0,150.0,-0.761497687489
300.0,150.0,-0.764743833569
300.0,150.0,-0.767992155536
300.0,150.0,-0.771242614958
300.0,150.0,-0.774495173353
300.0,150.0,-0.77774979219
300.0,150.0,-0.781006432888
300.0,150.0,-0.78426505682
300.0,150.0,-0.787525625306
300.0,150.0,-0.790788099623
300.0,150.0,-0.794052440998
300.0,150.0,-0.797318610611
300.0,150.0,-0.800586569594
300.0,150.0,-0.803856279036
300.0,150.0,-0.807127699976
300.0,150.0,-0.81040079341
300.0,150.0,-0.813675520288
300.0,150.0,-0.816951841515
300.0,150.0,-0.820229717951
300.0,150.0,-0.823509110412
300.0,150.0,-0.826789979671
300.0,150.0,-0.830072286457
300.0,150.0,-0.833355991456
300.0,150.0,-0.836641055311
300.0,150.0,-0.839927438624
300.0,150.0,-0.843215101954
300.0,150.0,-0.846504005817
300.0,150.0,-0.849794110692
300.0,150.0,-0.853085377014
300.0,150.0,-0.856377765177
300.0,150.0,-0.859671235539
300.0,150.0,-0.862965748415
300.0,150.0,-0.866261264081
300.0,150.0,-0.869557742776
300.0,150.0,-0.872855144698
300.0,150.0,-0.87615343001
300.0,150.0,-0.879452558836
300.0,150.0,-0.882752491261
300.0,150.0,-0.886053187336
300.0,150.0,-0.889354607073
300.0,150.0,-0.892656710449
300.0,150.0,-0.895959457407
300.0,150.0,-0.899262807851
300.0,150.0,-0.902566721653
300.0,150.0,-0.905871158649
300.0,150.0,-0.909176078642
300.0,150.0,-0.9124814414
300.0,150.0,-0.915787206658
300.0,150.0,-0.919093334119
300.0,150.0,-0.922399783451
300.0,160.0,-0.925706514292
300.0,160.0,-0.929013486249
300.0,160.0,-0.932320658894
300.0,160.0,-0.935627991771
300.0,160.0,-0.938935444392
300.0,160.0,-0.942242976239
300.0,160.0,-0.945550546766
300.0,160.0,-0.948858115394
300.0,160.0,-0.952165641517
300.0,160.0,-0.955473084501
300.0,160.0,-0.958780403682
300.0,160.0,-0.96208755837
300.0,160.0,-0.965394507845
300.0,160.0,-0.968701211363
300.0,160.0,-0.972007628151
300.0,160.0,-0.975313717411
300.0,160.0,-0.978619438317
300.0,160.0,-0.981924750021
300.0,160.0,-0.985229611647
300.0,160.0,-0.988533982296
300.0,160.0,-0.991837821043
300.0,160.0,-0.99514108694
300.0,160.0,-0.998443739017
300.0,160.0,-1.00174573628
300.0,160.0,-1.00504703771
300.0,160.0,-1.00834760226
300.0,160.0,-1.01164738889
300.0,160.0,-1.0149463565
300.0,160.0,-1.01824446398
300.0,160.0,-1.02154167023
300.0,160.0,-1.02483793408
310.0,160.0,-1.02813321438
310.0,160.0,-1.03142746994
310.0,160.0,-1.03472065955
310.0,160.0,-1.038012742
310.0,160.0,-1.04130367605
310.0,160.0,-1.04459342044
310.0,160.0,-1.04788193388
310.0,160.0,-1.0511691751
310.0,160.0,-1.05445510277
310.0,160.0,-1.05773967558
310.0,160.0,-1.06102285218
310.0,160.0,-1.06430459121
310.0,160.0,-1.06758485131
310.0,160.0,-1.07086359108
310.0,160.0,-1.07414076913
310.0,160.0,-1.07741634404
310.0,160.0,-1.08069027438
310.0,160.0,-1.08396251872
310.0,160.0,-1.08723303559
310.0,160.0,-1.09050178353
310.0,160.0,-1.09376872107
310.0,160.0,-1.09703380671
310.0,160.0,-1.10029699896
310.0,160.0,-1.1035582563
310.0,160.0,-1.10681753722
310.0,160.0,-1.11007480018
310.0,160.0,-1.11333000364
310.0,160.0,-1.11658310605
310.0,170.0,-1.11983406587
310.0,170.0,-1.12308284151
310.0,170.0,-1.12632939141
310.0,170.0,-1.12957367399
310.0,170.0,-1.13281564766
310.0,170.0,-1.13605527083
310.0,170.0,-1.13929250189
310.0,170.0,-1.14252729925
310.0,170.0,-1.14575962128
310.0,170.0,-1.14898942638
310.0,170.0,-1.15221667292
310.0,170.0,-1.15544131928
310.0,170.0,-1.15866332384
310.0,170.0,-1.16188264495
310.0,170.0,-1.165099241
310.0,170.0,-1.16831307033
310.0,170.0,-1.17152409132
310.0,170.0,-1.17473226232
310.0,170.0,-1.17793754169
310.0,170.0,-1.18113988779
310.0,170.0,-1.18433925898
310.0,170.0,-1.18753561362
310.0,170.0,-1.19072891007
310.0,170.0,-1.19391910668
310.0,170.0,-1.19710616181
310.0,170.0,-1.20029003384
310.0,170.0,-1.20347068112
310.0,170.0,-1.20664806202
310.0,170.0,-1.2098221349
310.0,170.0,-1.21299285816
310.0,170.0,-1.21616019015
310.0,170.0,-1.21932408927
310.0,170.0,-1.2224845139
310.0,170.0,-1.22564142243
310.0,170.0,-1.22879477326
310.0,170.0,-1.23194452479
310.0,170.0,-1.23509063542
310.0,170.0,-1.23823306359
310.0,170.0,-1.24137176769
310.0,170.0,-1.24450670618
310.0,170.0,-1.24763783748
310.0,170.0,-1.25076512004
310.0,170.0,-1.25388851231
310.0,170.0,-1.25700797277
310.0,170.0,-1.26012345988
310.0,170.0,-1.26323493213
310.0,170.0,-1.26634234801
310.0,170.0,-1.26944566602
310.0,170.0,-1.27254484469
310.0,170.0,-1.27563984254
310.0,170.0,-1.2787306181
310.0,170.0,-1.28181712994
310.0,170.0,-1.28489933662
310.0,170.0,-1.28797719671
310.0,170.0,-1.29105066881
310.0,170.0,-1.29411971152
310.0,170.0,-1.29718428346
310.0,170.0,-1.30024434328
310.0,170.0,-1.30329984961
310.0,180.0,-1.30635076113
310.0,180.0,-1.30939703652
310.0,180.0,-1.31243863447
310.0,180.0,-1.31547551371
310.0,180.0,-1.31850763297
310.0,180.0,-1.32153495099
320.0,180.0,-1.32455742656
320.0,180.0,-1.32757501845
320.0,180.0,-1.33058768548
320.0,180.0,-1.33359538647
320.0,180.0,-1.33659808026
320.0,180.0,-1.33959572573
320.0,180.0,-1.34258828176
320.0,180.0,-1.34557570726
320.0,180.0,-1.34855796116
320.0,180.0,-1.35153500242
320.0,180.0,-1.35450679
320.0,180.0,-1.3574732829
320.0,180.0,-1.36043444015
320.0,180.0,-1.36339022079
320.0,180.0,-1.36634058388
320.0,180.0,-1.36928548852
320.0,180.0,-1.37222489382
320.0,180.0,-1.37515875893
320.0,180.0,-1.37808704301
320.0,180.0,-1.38100970526
320.0,180.0,-1.3839267049
320.0,180.0,-1.38683800117
320.0,180.0,-1.38974355336
320.0,180.0,-1.39264332075
320.0,180.0,-1.39553726268
320.0,180.0,-1.39842533852
320.0,180.0,-1.40130750763
320.0,180.0,-1.40418372946
320.0,180.0,-1.40705396343
320.0,180.0,-1.40991816902
320.0,180.0,-1.41277630575
320.0,180.0,-1.41562833314
320.0,180.0,-1.41847421078
320.0,180.0,-1.42131389825
320.0,180.0,-1.4241473552
320.0,180.0,-1.42697454128
320.0,180.0,-1.4297954162
320.0,180.0,-1.43260993969
320.0,180.0,-1.43541807151
320.0,180.0,-1.43821977147
320.0,180.0,-1.44101499939
320.0,180.0,-1.44380371515
320.0,180.0,-1.44658587865
320.0,180.0,-1.44936144983
320.0,180.0,-1.45213038867
320.0,180.0,-1.45489265518
320.0,180.0,-1.45764820941
320.0,180.0,-1.46039701145
320.0,180.0,-1.46313902142
320.0,180.0,-1.4658741995
320.0,180.0,-1.46860250587
320.0,180.0,-1.47132390079
320.0,180.0,-1.47403834452
320.0,190.0,-1.4767457974
320.0,190.0,-1.47944621979
320.0,190.0,-1.48213957208
320.0,190.0,-1.48482581471
320.0,190.0,-1.48750490818
320.0,190.0,-1.490176813
320.0,190.0,-1.49284148975
320.0,190.0,-1.49549889903
320.0,190.0,-1.4981490015
320.0,190.0,-1.50079175786
320.0,190.0,-1.50342712885
320.0,190.0,-1.50605507524
320.0,190.0,-1.50867555788
320.0,190.0,-1.51128853763
320.0,190.0,-1.51389397542
320.0,190.0,-1.51649183221
320.0,190.0,-1.51908206902
320.0,190.0,-1.5216646469
320.0,190.0,-1.52423952696
320.0,190.0,-1.52680667035
320.0,190.0,-1.52936603827
320.0,190.0,-1.53191759198
320.0,190.0,-1.53446129276
320.0,190.0,-1.53699710198
320.0,190.0,-1.53952498102
320.0,190.0,-1.54204489132
320.0,190.0,-1.5445567944
320.0,190.0,-1.54706065178
320.0,190.0,-1.54955642508
320.0,190.0,-1.55204407594
320.0,190.0,-1.55452356606
320.0,190.0,-1.55699485719
320.0,190.0,-1.55945791114
320.0,190.0,-1.56191268977
320.0,190.0,-1.56435915499
320.0,190.0,-1.56679726876
320.0,190.0,-1.56922699311
320.0,190.0,-1.57164829011
320.0,190.0,-1.57406112188
320.0,190.0,-1.57646545062
330.0,190.0,-1.57886123856
330.0,190.0,-1.581248448
330.0,190.0,-1.58362704129
330.0,190.0,-1.58599698084
330.0,190.0,-1.58835822912
330.0,190.0,-1.59071074865
330.0,190.0,-1.59305450201
330.0,190.0,-1.59538945184
330.0,190.0,-1.59771556085
330.0,190.0,-1.60003279179
330.0,190.0,-1.60234110747
330.0,190.0,-1.60464047078
330.0,190.0,-1.60693084466
330.0,190.0,-1.6092121921
330.0,190.0,-1.61148447616
330.0,190.0,-1.61374765997
330.0,190.0,-1.6160017067
330.0,190.0,-1.61824657961
330.0,190.0,-1.62048224199
330.0,200.0,-1.62270865723
330.0,200.0,-1.62492578875
330.0,200.0,-1.62713360006
330.0,200.0,-1.62933205471
330.0,200.0,-1.63152111633
330.0,200.0,-1.63370074861
330.0,200.0,-1.63587091531
330.0,200.0,-1.63803158025
330.0,200.0,-1.64018270733
330.0,200.0,-1.64232426048
330.0,200.0,-1.64445620374
330.0,200.0,-1.64657850119
330.0,200.0,-1.64869111699
330.0,200.0,-1.65079401537
330.0,200.0,-1.6528871606
330.0,200.0,-1.65497051706
330.0,200.0,-1.65704404918
330.0,200.0,-1.65910772145
330.0,200.0,-1.66116149844
330.0,200.0,-1.66320534479
330.0,200.0,-1.6652392252
330.0,200.0,-1.66726310447
330.0,200.0,-1.66927694743
330.0,200.0,-1.67128071902
330.0,200.0,-1.67327438422
330.0,200.0,-1.67525790811
330.0,200.0,-1.67723125582
330.0,200.0,-1.67919439257
330.0,200.0,-1.68114728363
330.0,200.0,-1.68308989438
330.0,200.0,-1.68502219024
330.0,200.0,-1.68694413672
330.0,200.0,-1.68885569941
330.0,200.0,-1.69075684397
330.0,200.0,-1.69264753612
330.0,200.0,-1.69452774168
330.0,200.0,-1.69639742653
330.0,200.0,-1.69825655664
330.0,200.0,-1.70010509805
330.0,200.0,-1.70194301687
330.0,200.0,-1.70377027929
330.0,200.0,-1.7055868516
330.0,200.0,-1.70739270014
330.0,200.0,-1.70918779135
330.0,200.0,-1.71097209172
330.0,200.0,-1.71274556786
330.0,200.0,-1.71450818642
330.0,200.0,-1.71625991417
330.0,200.0,-1.71800071792
330.0,200.0,-1.71973056459
330.0,200.0,-1.72144942117
330.0,200.0,-1.72315725473
330.0,200.0,-1.72485403243
330.0,200.0,-1.72653972151
330.0,200.0,-1.72821428928
330.0,200.0,-1.72987770315
330.0,200.0,-1.7315299306
330.0,200.0,-1.73317093922
330.0,200.0,-1.73480069664
330.0,210.0,-1.73641917061
330.0,210.0,-1.73802632895
330.0,210.0,-1.73962213958
330.0,210.0,-1.74120657048
330.0,210.0,-1.74277958973
330.0,210.0,-1.74434116551
330.0,210.0,-1.74589126606
330.0,210.0,-1.74742985972
330.0,210.0,-1.74895691492
330.0,210.0,-1.75047240018
330.0,210.0,-1.75197628409
330.0,210.0,-1.75346853534
330.0,210.0,-1.75494912271
330.0,210.0,-1.75641801508
330.0,210.0,-1.75787518139
340.0,210.0,-1.75932059069
340.0,210.0,-1.76075421211
340.0,210.0,-1.7621760149
340.0,210.0,-1.76358596835
340.0,210.0,-1.76498404187
340.0,210.0,-1.76637020497
340.0,210.0,-1.76774442724
340.0,210.0,-1.76910667835
340.0,210.0,-1.77045692808
340.0,210.0,-1.7717951463
340.0,210.0,-1.77312130296
340.0,210.0,-1.77443536812
340.0,210.0,-1.77573731192
340.0,210.0,-1.7770271046
340.0,210.0,-1.7783047165
340.0,210.0,-1.77957011804
340.0,210.0,-1.78082327975
340.0,210.0,-1.78206417224
340.0,210.0,-1.78329276623
340.0,210.0,-1.78450903253
340.0,210.0,-1.78571294203
340.0,210.0,-1.78690446575
340.0,210.0,-1.78808357478
340.0,210.0,-1.78925024031
340.0,210.0,-1.79040443364
340.0,210.0,-1.79154612616
340.0,210.0,-1.79267528935
340.0,210.0,-1.79379189481
340.0,210.0,-1.79489591421
340.0,210.0,-1.79598731934
340.0,210.0,-1.79706608208
340.0,210.0,-1.79813217441
340.0,210.0,-1.79918556842
340.0,210.0,-1.80022623629
340.0,210.0,-1.8012541503
340.0,210.0,-1.80226928284
340.0,210.0,-1.80327160638
340.0,210.0,-1.80426109352
340.0,210.0,-1.80523771693
340.0,210.0,-1.80620144942
340.0,210.0,-1.80715226387
340.0,210.0,-1.80809013328
340.0,210.0,-1.80901503074
340.0,210.0,-1.80992692945
340.0,220.0,-1.81082580272
340.0,220.0,-1.81171162395
340.0,220.0,-1.81258436666
340.0,220.0,-1.81344400446
340.0,220.0,-1.81429051107
340.0,220.0,-1.81512386032
340.0,220.0,-1.81594402614
340.0,220.0,-1.81675098256
340.0,220.0,-1.81754470372
340.0,220.0,-1.81832516388
340.0,220.0,-1.81909233738
340.0,220.0,-1.8198461987
340.0,220.0,-1.82058672239
340.0,220.0,-1.82131388313
340.0,220.0,-1.82202765571
340.0,220.0,-1.82272801502
340.0,220.0,-1.82341493605
340.0,220.0,-1.82408839391
340.0,220.0,-1.82474836382
340.0,220.0,-1.82539482111
340.0,220.0,-1.8260277412
340.0,220.0,-1.82664709964
340.0,220.0,-1.82725287209
340.0,220.0,-1.82784503431
340.0,220.0,-1.82842356217
340.0,220.0,-1.82898843166
340.0,220.0,-1.82953961888
340.0,220.0,-1.83007710002
340.0,220.0,-1.83060085142
340.0,220.0,-1.83111084949
340.0,220.0,-1.83160707079
340.0,220.0,-1.83208949196
340.0,220.0,-1.83255808978
340.0,220.0,-1.83301284111
340.0,220.0,-1.83345372297
340.0,220.0,-1.83388071245
340.0,220.0,-1.83429378677
340.0,220.0,-1.83469292327
340.0,220.0,-1.83507809939
340.0,220.0,-1.8354492927
340.0,220.0,-1.83580648088
340.0,220.0,-1.83614964172
340.0,220.0,-1.83647875311
340.0,220.0,-1.8367937931
340.0,220.0,-1.83709473982
340.0,220.0,-1.83738157151
340.0,220.0,-1.83765426656
340.0,220.0,-1.83791280345
340.0,220.0,-1.83815716078
350.0,220.0,-1.83838731728
350.0,220.0,-1.83860325178
350.0,220.0,-1.83880494325
350.0,220.0,-1.83899237075
350.0,220.0,-1.83916551347
350.0,220.0,-1.83932435073
350.0,220.0,-1.83946886196
350.0,220.0,-1.8395990267
350.0,220.0,-1.83971482461
350.0,220.0,-1.8398162355
350.0,220.0,-1.83990323925
350.0,230.0,-1.8399758159
350.0,230.0,-1.84003394559
350.0,230.0,-1.84007760859
350.0,230.0,-1.84010678527
350.0,230.0,-1.84012145616
350.0,230.0,-1.84012160187
350.0,230.0,-1.84010720315
350.0,230.0,-1.84007824088
350.0,230.0,-1.84003469605
350.0,230.0,-1.83997654976
350.0,230.0,-1.83990378326
350.0,230.0,-1.8398163779
350.0,230.0,-1.83971431516
350.0,230.0,-1.83959757666
350.0,230.0,-1.8394661441
350.0,230.0,-1.83931999935
350.0,230.0,-1.83915912438
350.0,230.0,-1.83898350128
350.0,230.0,-1.83879311227
350.0,230.0,-1.83858793971
350.0,230.0,-1.83836796605
350.0,230.0,-1.83813317389
350.0,230.0,-1.83788354596
350.0,230.0,-1.8376190651
350.0,230.0,-1.83733971427
350.0,230.0,-1.83704547656
350.0,230.0,-1.83673633521
350.0,230.0,-1.83641227356
350.0,230.0,-1.83607327508
350.0,230.0,-1.83571932336
350.0,230.0,-1.83535040214
350.0,230.0,-1.83496649526
350.0,230.0,-1.83456758671
350.0,230.0,-1.83415366058
350.0,230.0,-1.83372470112
350.0,230.0,-1.83328069269
350.0,230.0,-1.83282161977
350.0,230.0,-1.83234746699
350.0,230.0,-1.83185821908
350.0,230.0,-1.83135386092
350.0,230.0,-1.83083437751
350.0,230.0,-1.83029975399
350.0,230.0,-1.82974997561
350.0,230.0,-1.82918502776
350.0,230.0,-1.82860489597
350.0,230.0,-1.82800956587
350.0,230.0,-1.82739902325
350.0,230.0,-1.82677325402
350.0,230.0,-1.82613224421
350.0,230.0,-1.82547597999
350.0,230.0,-1.82480444767
350.0,230.0,-1.82411763366
350.0,230.0,-1.82341552454
350.0,230.0,-1.82269810699
350.0,230.0,-1.82196536784
350.0,230.0,-1.82121729403
350.0,230.0,-1.82045387267
350.0,230.0,-1.81967509096
350.0,230.0,-1.81888093625
350.0,240.0,-1.81807139603
350.0,240.0,-1.81724645791
350.0,240.0,-1.81640610964
350.0,240.0,-1.8155503391
350.0,240.0,-1.81467913431
350.0,240.0,-1.81379248339
350.0,240.0,-1.81289037465
350.0,240.0,-1.81197279648
350.0,240.0,-1.81103973744
350.0,240.0,-1.8100911862
350.0,240.0,-1.80912713158
350.0,240.0,-1.80814756253
350.0,240.0,-1.80715246812
350.0,240.0,-1.80614183758
350.0,240.0,-1.80511566025
350.0,240.0,-1.80407392563
350.0,240.0,-1.80301662333
350.0,240.0,-1.8019437431
350.0,240.0,-1.80085527484
350.0,240.0,-1.79975120858
350.0,240.0,-1.79863153447
350.0,240.0,-1.79749624282
350.0,240.0,-1.79634532406
0.0,240.0,-1.79517876875
0.0,240.0,-1.7939965676
0.0,240.0,-1.79279871146
0.0,240.0,-1.7915851913
0.0,240.0,-1.79035599824
0.0,240.0,-1.78911112352
0.0,240.0,-1.78785055854
0.0,240.0,-1.78657429482
0.0,240.0,-1.78528232403
0.0,240.0,-1.78397463796
0.0,240.0,-1.78265122855
0.0,240.0,-1.78131208788
0.0,240.0,-1.77995720816
0.0,240.0,-1.77858658174
0.0,240.0,-1.7772002011
0.0,240.0,-1.77579805888
0.0,240.0,-1.77438014784
0.0,240.0,-1.77294646088
0.0,240.0,-1.77149699104
0.0,240.0,-1.77003173151
0.0,240.0,-1.7685506756
0.0,240.0,-1.76705381677
0.0,240.0,-1.76554114862
0.0,240.0,-1.76401266489
0.0,240.0,-1.76246835944
0.0,240.0,-1.7609082263
0.0,240.0,-1.75933225961
0.0,240.0,-1.75774045369
0.0,240.0,-1.75613280294
0.0,240.0,-1.75450930196
0.0,240.0,-1.75286994545
0.0,240.0,-1.75121472827
0.0,240.0,-1.74954364541
0.0,240.0,-1.74785669201
0.0,240.0,-1.74615386333
0.0,240.0,-1.74443515481
0.0,250.0,-1.74270056198
0.0,250.0,-1.74095008055
0.0,250.0,-1.73918370636
0.0,250.0,-1.73740143539
0.0,250.0,-1.73560326374
0.0,250.0,-1.7337891877
0.0,250.0,-1.73195920364
0.0,250.0,-1.73011330813
0.0,250.0,-1.72825149785
0.0,250.0,-1.72637376961
0.0,250.0,-1.7244801204
0.0,250.0,-1.72257054732
0.0,250.0,-1.72064504761
0.0,250.0,-1.71870361869
0.0,250.0,-1.71674625807
0.0,250.0,-1.71477296345
0.0,250.0,-1.71278373263
0.0,250.0,-1.71077856358
0.0,250.0,-1.70875745442
0.0,250.0,-1.70672040337
0.0,250.0,-1.70466740884
0.0,250.0,-1.70259846936
0.0,250.0,-1.7005135836
0.0,250.0,-1.69841275038
0.0,250.0,-1.69629596866
0.0,250.0,-1.69416323754
0.0,250.0,-1.69201455628
0.0,250.0,-1.68984992426
0.0,250.0,-1.68766934101
0.0,250.0,-1.68547280622
0.0,250.0,-1.6832603197
0.0,250.0,-1.68103188141
0.0,250.0,-1.67878749147
0.0,250.0,-1.67652715012
0.0,250.0,-1.67425085775
0.0,250.0,-1.67195861491
0.0,250.0,-1.66965042228
0.0,250.0,-1.66732628068
0.0,250.0,-1.66498619107
0.0,250.0,-1.66263015458
0.0,250.0,-1.66025817246
0.0,250.0,-1.65787024611
0.0,250.0,-1.65546637707
0.0,250.0,-1.65304656704
0.0,250.0,-1.65061081785
0.0,250.0,-1.64815913147
0.0,250.0,-1.64569151003
0.0,250.0,-1.64320795579
0.0,250.0,-1.64070847117
0.0,250.0,-1.63819305871
0.0,250.0,-1.63566172113
0.0,250.0,-1.63311446126
0.0,250.0,-1.63055128209
0.0,250.0,-1.62797218675
0.0,250.0,-1.62537717853
0.0,250.0,-1.62276626085
0.0,250.0,-1.62013943727
10.0,250.0,-1.6174967115
10.0,250.0,-1.6148380874
10.0,260.0,-1.61216356898
10.0,260.0,-1.60947316038
10.0,260.0,-1.60676686589
10.0,260.0,-1.60404468995
10.0,260.0,-1.60130663715
10.0,260.0,-1.59855271219
10.0,260.0,-1.59578291997
10.0,260.0,-1.59299726549
10.0,260.0,-1.59019575392
10.0,260.0,-1.58737839056
10.0,260.0,-1.58454518086
10.0,260.0,-1.58169613043
10.0,260.0,-1.578831245
10.0,260.0,-1.57595053047
10.0,260.0,-1.57305399285
10.0,260.0,-1.57014163834
10.0,260.0,-1.56721347325
10.0,260.0,-1.56426950405
10.0,260.0,-1.56130973736
10.0,260.0,-1.55833417994
10.0,260.0,-1.55534283868
10.0,260.0,-1.55233572064
10.0,260.0,-1.54931283301
10.0,260.0,-1.54627418313
10.0,260.0,-1.54321977849
10.0,260.0,-1.54014962671
10.0,260.0,-1.53706373557
10.0,260.0,-1.533962113
10.0,260.0,-1.53084476705
10.0,260.0,-1.52771170595
10.0,260.0,-1.52456293803
10.0,260.0,-1.52139847182
10.0,260.0,-1.51821831595
10.0,260.0,-1.51502247922
10.0,260.0,-1.51181097056
10.0,260.0,-1.50858379906
10.0,260.0,-1.50534097395
10.0,260.0,-1.50208250459
10.0,260.0,-1.49880840051
10.0,260.0,-1.49551867137
10.0,260.0,-1.49221332697
10.0,260.0,-1.48889237728
10.0,260.0,-1.48555583239
10.0,260.0,-1.48220370255
10.0,260.0,-1.47883599814
10.0,260.0,-1.47545272969
10.0,260.0,-1.4720539079
10.0,260.0,-1.46863954357
10.0,260.0,-1.46520964769
10.0,260.0,-1.46176423136
10.0,260.0,-1.45830330584
10.0,260.0,-1.45482688254
10.0,260.0,-1.451334973
10.0,260.0,-1.44782758892
10.0,260.0,-1.44430474214
10.0,260.0,-1.44076644464
10.0,260.0,-1.43721270854
10.0,260.0,-1.43364354613
10.0,260.0,-1.4300589698
10.0,270.0,-1.42645899214
10.0,270.0,-1.42284362584
10.0,270.0,-1.41921288375
10.0,270.0,-1.41556677887
10.0,270.0,-1.41190532434
10.0,270.0,-1.40822853344
10.0,270.0,-1.4045364196
10.0,270.0,-1.40082899639
10.0,270.0,-1.39710627752
10.0,270.0,-1.39336827686
10.0,270.0,-1.38961500842
10.0,270.0,-1.38584648633
10.0,270.0,-1.38206272489
10.0,270.0,-1.37826373855
10.0,270.0,-1.37444954187
10.0,270.0,-1.37062014959
10.0,270.0,-1.36677557656
10.0,270.0,-1.36291583781
10.0,270.0,-1.35904094848
10.0,270.0,-1.35515092388
10.0,270.0,-1.35124577944
10.0,270.0,-1.34732553076
10.0,270.0,-1.34339019356
10.0,270.0,-1.33943978371
10.0,270.0,-1.33547431722
10.0,270.0,-1.33149381026
10.0,270.0,-1.32749827913
10.0,270.0,-1.32348774027
10.0,270.0,-1.31946221026
10.0,270.0,-1.31542170584
10.0,270.0,-1.31136624388
20.0,270.0,-1.30729584139
20.0,270.0,-1.30321051553
20.0,270.0,-1.29911028361
20.0,270.0,-1.29499516306
20.0,270.0,-1.29086517146
20.0,270.0,-1.28672032655
20.0,270.0,-1.2825606462
20.0,270.0,-1.2783861484
20.0,270.0,-1.27419685133
20.0,270.0,-1.26999277327
20.0,270.0,-1.26577393265
20.0,270.0,-1.26154034806
20.0,270.0,-1.25729203822
20.0,270.0,-1.25302902198
20.0,270.0,-1.24875131835
20.0,270.0,-1.24445894647
20.0,270.0,-1.24015192563
20.0,270.0,-1.23583027525
20.0,270.0,-1.2314940149
20.0,270.0,-1.22714316429
20.0,270.0,-1.22277774326
20.0,270.0,-1.2183977718
20.0,270.0,-1.21400327004
20.0,270.0,-1.20959425826
20.0,270.0,-1.20517075685
20.0,270.0,-1.20073278638
20.0,270.0,-1.19628036752
20.0,270.0,-1.19181352112
20.0,280.0,-1.18733226814
20.0,280.0,-1.18283662969
20.0,280.0,-1.17832662701
20.0,280.0,-1.17380228151
20.0,280.0,-1.16926361469
20.0,280.0,-1.16471064824
20.0,280.0,-1.16014340395
20.0,280.0,-1.15556190378
20.0,280.0,-1.1509661698
20.0,280.0,-1.14635622424
20.0,280.0,-1.14173208946
20.0,280.0,-1.13709378795
20.0,280.0,-1.13244134236
20.0,280.0,-1.12777477546
20.0,280.0,-1.12309411017
20.0,280.0,-1.11839936953
20.0,280.0,-1.11369057673
20.0,280.0,-1.10896775511
20.0,280.0,-1.10423092813
20.0,280.0,-1.09948011938
20.0,280.0,-1.09471535261
20.0,280.0,-1.08993665169
20.0,280.0,-1.08514404064
20.0,280.0,-1.0803375436
20.0,280.0,-1.07551718486
20.0,280.0,-1.07068298885
20.0,280.0,-1.06583498012
20.0,280.0,-1.06097318336
20.0,280.0,-1.05609762341
20.0,280.0,-1.05120832524
20.0,280.0,-1.04630531395
20.0,280.0,-1.04138861476
20.0,280.0,-1.03645825307
20.0,280.0,-1.03151425437
20.0,280.0,-1.02655664432
20.0,280.0,-1.02158544868
20.0,280.0,-1.01660069337
20.0,280.0,-1.01160240444
20.0,280.0,-1.00659060807
20.0,280.0,-1.00156533058
20.0,280.0,-0.996526598419
20.0,280.0,-0.991474438166
20.0,280.0,-0.986408876542
20.0,280.0,-0.981329940399
20.0,280.0,-0.976237656721
20.0,280.0,-0.971132052625
20.0,280.0,-0.966013155364
20.0,280.0,-0.96088099232
20.0,280.0,-0.95573559101
20.0,280.0,-0.950576979083
20.0,280.0,-0.945405184321
20.0,280.0,-0.940220234635
20.0,280.0,-0.935022158072
20.0,280.0,-0.929810982809
20.0,280.0,-0.924586737154
20.0,280.0,-0.919349449546
20.0,280.0,-0.914099148558
20.0,280.0,-0.908835862892
20.0,280.0,-0.903559621379
20.0,290.0,-0.898270452984
20.0,290.0,-0.892968386801
20.0,290.0,-0.887653452054
20.0,290.0,-0.882325678097
20.0,290.0,-0.876985094415
20.0,290.0,-0.871631730621
30.0,290.0,-0.866265616458
30.0,290.0,-0.860886781799
30.0,290.0,-0.855495256645
30.0,290.0,-0.850091071127
30.0,290.0,-0.844674255504
30.0,290.0,-0.839244840163
30.0,290.0,-0.83380285562
30.0,290.0,-0.828348332518
30.0,290.0,-0.82288130163
30.0,290.0,-0.817401793854
30.0,290.0,-0.811909840217
30.0,290.0,-0.806405471873
30.0,290.0,-0.800888720102
30.0,290.0,-0.795359616313
30.0,290.0,-0.789818192038
30.0,290.0,-0.784264478939
30.0,290.0,-0.778698508802
30.0,290.0,-0.773120313539
30.0,290.0,-0.767529925189
30.0,290.0,-0.761927375915
30.0,290.0,-0.756312698006
30.0,290.0,-0.750685923875
30.0,290.0,-0.745047086062
30.0,290.0,-0.73939621723
30.0,290.0,-0.733733350166
30.0,290.0,-0.728058517781
30.0,290.0,-0.722371753112
30.0,290.0,-0.716673089317
30.0,290.0,-0.710962559679
30.0,290.0,-0.705240197605
30.0,290.0,-0.699506036621
30.0,290.0,-0.693760110381
30.0,290.0,-0.688002452658
30.0,290.0,-0.682233097349
30.0,290.0,-0.676452078471
30.0,290.0,-0.670659430164
30.0,290.0,-0.664855186691
30.0,290.0,-0.659039382434
30.0,290.0,-0.653212051896
30.0,290.0,-0.647373229704
30.0,290.0,-0.641522950601
30.0,290.0,-0.635661249454
30.0,290.0,-0.629788161247
30.0,290.0,-0.623903721088
30.0,290.0,-0.6180079642
30.0,290.0,-0.612100925928
30.0,290.0,-0.606182641736
30.0,290.0,-0.600253147206
30.0,290.0,-0.594312478038
30.0,290.0,-0.588360670053
30.0,290.0,-0.582397759186
30.0,290.0,-0.576423781494
30.0,290.0,-0.570438773148
30.0,290.0,-0.564442770439
30.0,300.0,-0.558435809773
30.0,300.0,-0.552417927674
30.0,300.0,-0.546389160783
30.0,300.0,-0.540349545855
30.0,300.0,-0.534299119763
30.0,300.0,-0.528237919495
30.0,300.0,-0.522165982154
30.0,300.0,-0.516083344959
30.0,300.0,-0.509990045245
30.0,300.0,-0.503886120458
30.0,300.0,-0.497771608161
30.0,300.0,-0.491646546032
30.0,300.0,-0.48551097186
30.0,300.0,-0.47936492355
30.0,300.0,-0.473208439118
30.0,300.0,-0.467041556696
30.0,300.0,-0.460864314526
30.0,300.0,-0.454676750964
30.0,300.0,-0.448478904477
30.0,300.0,-0.442270813644
30.0,300.0,-0.436052517157
30.0,300.0,-0.429824053819
30.0,300.0,-0.423585462541
30.0,300.0,-0.41733678235
30.0,300.0,-0.411078052378
30.0,300.0,-0.404809311872
30.0,300.0,-0.398530600185
30.0,300.0,-0.392241956782
30.0,300.0,-0.385943421237
30.0,300.0,-0.379635033231
30.0,300.0,-0.373316832557
30.0,300.0,-0.366988859114
30.0,300.0,-0.360651152909
30.0,300.0,-0.35430375406
30.0,300.0,-0.347946702788
30.0,300.0,-0.341580039424
30.0,300.0,-0.335203804406
30.0,300.0,-0.328818038278
30.0,300.0,-0.32242278169
40.0,300.0,-0.316018075399
40.0,300.0,-0.309603960267
40.0,300.0,-0.303180477262
40.0,300.0,-0.296747667455
40.0,300.0,-0.290305572026
40.0,300.0,-0.283854232256
40.0,300.0,-0.277393689532
40.0,300.0,-0.270923985344
40.0,300.0,-0.264445161285
40.0,300.0,-0.257957259054
40.0,300.0,-0.251460320449
40.0,300.0,-0.244954387375
40.0,300.0,-0.238439501836
40.0,300.0,-0.231915705939
40.0,300.0,-0.225383041894
40.0,300.0,-0.21884155201
40.0,300.0,-0.2122912787
40.0,300.0,-0.205732264475
40.0,300.0,-0.199164551949
40.0,300.0,-0.192588183834
40.0,310.0,-0.186003202942
40.0,310.0,-0.179409652187
40.0,310.0,-0.172807574579
40.0,310.0,-0.166197013228
40.0,310.0,-0.159578011344
40.0,310.0,-0.152950612232
40.0,310.0,-0.146314859299
40.0,310.0,-0.139670796045
40.0,310.0,-0.133018466072
40.0,310.0,-0.126357913074
40.0,310.0,-0.119689180846
40.0,310.0,-0.113012313277
40.0,310.0,-0.10632735435
40.0,310.0,-0.0996343481483
40.0,310.0,-0.0929333388463
40.0,310.0,-0.0862243707152
40.0,310.0,-0.0795074881203
40.0,310.0,-0.0727827355212
40.0,310.0,-0.0660501574713
40.0,310.0,-0.0593097986176
40.0,310.0,-0.0525617037004
40.0,310.0,-0.0458059175527
40.0,310.0,-0.0390424851001
40.0,310.0,-0.0322714513603
40.0,310.0,-0.025492861443
40.0,310.0,-0.0187067605492
40.0,310.0,-0.0119131939712
40.0,310.0,-0.00511220709205
40.0,310.0,0.00169615461472
40.0,310.0,0.00851184558551
40.0,310.0,0.0153348201669
40.0,310.0,0.0221650326162
40.0,310.0,0.0290024371015
40.0,310.0,0.0358469877022
40.0,310.0,0.0426986384094
40.0,310.0,0.0495573431261
40.0,310.0,0.0564230556678
40.0,310.0,0.0632957297626
40.0,310.0,0.0701753190517
40.0,310.0,0.0770617770896
40.0,310.0,0.0839550573447
40.0,310.0,0.0908551131994
40.0,310.0,0.0977618979508
40.0,310.0,0.104675364811
40.0,310.0,0.111595466906
40.0,310.0,0.118522157279
40.0,310.0,0.125455388889
40.0,310.0,0.13239511461
40.0,310.0,0.139341287234
40.0,310.0,0.146293859469
40.0,310.0,0.153252783941
40.0,310.0,0.160218013194
40.0,310.0,0.167189499689
40.0,310.0,0.174167195807
40.0,310.0,0.181151053846
40.0,310.0,0.188141026026
40.0,310.0,0.195137064483
40.0,310.0,0.202139121276
40.0,310.0,0.209147148382
40.0,320.0,0.216161097702
40.0,320.0,0.223180921053
40.0,320.0,0.230206570179
40.0,320.0,0.237237996742
40.0,320.0,0.244275152328
40.0,320.0,0.251317988444
40.0,320.0,0.258366456522
40.0,320.0,0.265420507916
40.0,320.0,0.272480093903
40.0,320.0,0.279545165687
40.0,320.0,0.286615674394
40.0,320.0,0.293691571074
40.0,320.0,0.300772806706
40.0,320.0,0.30785933219
50.0,320.0,0.314951098356
50.0,320.0,0.322048055958
50.0,320.0,0.329150155677
50.0,320.0,0.336257348123
50.0,320.0,0.34336958383
50.0,320.0,0.350486813264
50.0,320.0,0.357608986817
50.0,320.0,0.36473605481
50.0,320.0,0.371867967492
50.0,320.0,0.379004675044
50.0,320.0,0.386146127576
50.0,320.0,0.393292275126
50.0,320.0,0.400443067666
50.0,320.0,0.407598455097
50.0,320.0,0.414758387251
50.0,320.0,0.421922813895
50.0,320.0,0.429091684724
50.0,320.0,0.436264949369
50.0,320.0,0.443442557391
50.0,320.0,0.450624458288
50.0,320.0,0.457810601489
50.0,320.0,0.465000936358
50.0,320.0,0.472195412194
50.0,320.0,0.479393978231
50.0,320.0,0.486596583637
50.0,320.0,0.493803177518
50.0,320.0,0.501013708915
50.0,320.0,0.508228126806
50.0,320.0,0.515446380105
50.0,320.0,0.522668417665
50.0,320.0,0.529894188276
50.0,320.0,0.537123640666
50.0,320.0,0.544356723502
50.0,320.0,0.55159338539
50.0,320.0,0.558833574875
50.0,320.0,0.566077240444
50.0,320.0,0.57332433052
50.0,320.0,0.580574793471
50.0,320.0,0.587828577604
50.0,320.0,0.595085631167
50.0,320.0,0.602345902352
50.0,320.0,0.609609339291
50.0,320.0,0.616875890059
50.0,320.0,0.624145502677
50.0,320.0,0.631418125106
50.0,330.0,0.638693705253
50.0,330.0,0.645972190968
50.0,330.0,0.653253530047
50.0,330.0,0.66053767023
50.0,330.0,0.667824559205
50.0,330.0,0.675114144603
50.0,330.0,0.682406374003
50.0,330.0,0.689701194931
50.0,330.0,0.69699855486
50.0,330.0,0.704298401212
50.0,330.0,0.711600681353
50.0,330.0,0.718905342603
50.0,330.0,0.726212332227
50.0,330.0,0.733521597441
50.0,330.0,0.740833085411
50.0,330.0,0.748146743253
50.0,330.0,0.755462518032
50.0,330.0,0.762780356767
50.0,330.0,0.770100206427
50.0,330.0,0.777422013932
50.0,330.0,0.784745726155
50.0,330.0,0.792071289924
50.0,330.0,0.799398652017
50.0,330.0,0.806727759167
50.0,330.0,0.81405855806
50.0,330.0,0.821390995339
50.0,330.0,0.8287250176
50.0,330.0,0.836060571395
50.0,330.0,0.84339760323
50.0,330.0,0.850736059569
50.0,330.0,0.858075886834
50.0,330.0,0.8654170314
50.0,330.0,0.872759439604
50.0,330.0,0.880103057736
50.0,330.0,0.88744783205
50.0,330.0,0.894793708753
50.0,330.0,0.902140634017
50.0,330.0,0.909488553968
50.0,330.0,0.916837414696
50.0,330.0,0.92418716225
50.0,330.0,0.931537742641
50.0,330.0,0.938889101839
50.0,330.0,0.946241185779
50.0,330.0,0.953593940356
50.0,330.0,0.960947311428
50.0,330.0,0.968301244816
50.0,330.0,0.975655686307
50.0,330.0,0.983010581648
60.0,330.0,0.990365876554
60.0,330.0,0.997721516702
60.0,330.0,1.00507744774
60.0,330.0,1.01243361527
60.0,330.0,1.01978996487
60.0,330.0,1.02714644208
60.0,330.0,1.03450299242
60.0,330.0,1.04185956135
60.0,330.0,1.04921609433
60.0,330.0,1.05657253677
60.0,330.0,1.06392883405
60.0,340.0,1.07128493152
60.0,340.0,1.07864077449
60.0,340.0,1.08599630828
60.0,340.0,1.09335147812
60.0,340.0,1.10070622926
60.0,340.0,1.10806050691
60.0,340.0,1.11541425623
60.0,340.0,1.12276742238
60.0,340.0,1.13011995047
60.0,340.0,1.13747178561
60.0,340.0,1.14482287286
60.0,340.0,1.15217315726
60.0,340.0,1.15952258383
60.0,340.0,1.16687109757
60.0,340.0,1.17421864343
60.0,340.0,1.18156516637
60.0,340.0,1.1889106113
60.0,340.0,1.19625492313
60.0,340.0,1.20359804672
60.0,340.0,1.21093992693
60.0,340.0,1.21828050859
60.0,340.0,1.2256197365
60.0,340.0,1.23295755546
60.0,340.0,1.24029391023
60.0,340.0,1.24762874556
60.0,340.0,1.25496200618
60.0,340.0,1.26229363679
60.0,340.0,1.26962358209
60.0,340.0,1.27695178675
60.0,340.0,1.28427819543
60.0,340.0,1.29160275275
60.0,340.0,1.29892540334
60.0,340.0,1.30624609181
60.0,340.0,1.31356476274
60.0,340.0,1.3208813607
60.0,340.0,1.32819583026
60.0,340.0,1.33550811594
60.0,340.0,1.34281816229
60.0,340.0,1.35012591382
60.0,340.0,1.35743131503
60.0,340.0,1.36473431041
60.0,340.0,1.37203484443
60.0,340.0,1.37933286155
60.0,340.0,1.38662830625
60.0,340.0,1.39392112294
60.0,340.0,1.40121125608
60.0,340.0,1.40849865007
60.0,340.0,1.41578324934
60.0,340.0,1.42306499828
60.0,340.0,1.43034384129
60.0,340.0,1.43761972275
60.0,340.0,1.44489258705
60.0,340.0,1.45216237856
60.0,340.0,1.45942904163
60.0,340.0,1.46669252064
60.0,340.0,1.47395275992
60.0,340.0,1.48120970383
60.0,340.0,1.48846329671
60.0,340.0,1.4957134829
60.0,350.0,1.50296020673
60.0,350.0,1.51020341252
60.0,350.0,1.51744304461
60.0,350.0,1.52467904732
60.0,350.0,1.53191136497
60.0,350.0,1.53913994187
60.0,350.0,1.54636472236
60.0,350.0,1.55358565074
60.0,350.0,1.56080267133
60.0,350.0,1.56801572846
60.0,350.0,1.57522476642
60.0,350.0,1.58242972956
60.0,350.0,1.58963056218
60.0,350.0,1.5968272086
60.0,350.0,1.60401961316
60.0,350.0,1.61120772017
60.0,350.0,1.61839147397
60.0,350.0,1.62557081889
60.0,350.0,1.63274569928
60.0,350.0,1.63991605946
60.0,350.0,1.6470818438
60.0,350.0,1.65424299664
60.0,350.0,1.66139946234
70.0,350.0,1.66855118527
70.0,350.0,1.6756981098
70.0,350.0,1.68284018032
70.0,350.0,1.6899773412
70.0,350.0,1.69710953685
70.0,350.0,1.70423671168
70.0,350.0,1.71135881009
70.0,350.0,1.71847577651
70.0,350.0,1.72558755538
70.0,350.0,1.73269409113
70.0,350.0,1.73979532823
70.0,350.0,1.74689121115
70.0,350.0,1.75398168436
70.0,350.0,1.76106669235
70.0,350.0,1.76814617964
70.0,350.0,1.77522009073
70.0,350.0,1.78228837017
70.0,350.0,1.7893509625
70.0,350.0,1.79640781227
70.0,350.0,1.80345886407
70.0,350.0,1.8105040625
70.0,350.0,1.81754335215
70.0,350.0,1.82457667765
70.0,350.0,1.83160398365
70.0,350.0,1.8386252148
70.0,350.0,1.84564031579
70.0,350.0,1.85264923131
70.0,350.0,1.85965190607
70.0,350.0,1.86664828481
70.0,350.0,1.87363831229
70.0,350.0,1.88062193327
70.0,350.0,1.88759909256
70.0,350.0,1.89456973498
70.0,350.0,1.90153380535
70.0,350.0,1.90849124855
70.0,350.0,1.91544200945
70.0,0.0,1.92238603296
70.0,0.0,1.92932326402
70.0,0.0,1.93625364757
70.0,0.0,1.9431771286
70.0,0.0,1.9500936521
70.0,0.0,1.95700316311
70.0,0.0,1.96390560669
70.0,0.0,1.9708009279
70.0,0.0,1.97768907187
70.0,0.0,1.98456998372
70.0,0.0,1.99144360862
70.0,0.0,1.99830989176
70.0,0.0,2.00516877836
70.0,0.0,2.01202021367
70.0,0.0,2.01886414296
70.0,0.0,2.02570051154
70.0,0.0,2.03252926476
70.0,0.0,2.03935034798
70.0,0.0,2.0461637066
70.0,0.0,2.05296928606
70.0,0.0,2.05976703181
70.0,0.0,2.06655688937
70.0,0.0,2.07333880425
70.0,0.0,2.08011272202
70.0,0.0,2.08687858829
70.0,0.0,2.09363634868
70.0,0.0,2.10038594886
70.0,0.0,2.10712733454
70.0,0.0,2.11386045146
70.0,0.0,2.12058524538
70.0,0.0,2.12730166213
70.0,0.0,2.13400964756
70.0,0.0,2.14070914755
70.0,0.0,2.14740010803
70.0,0.0,2.15408247496
70.0,0.0,2.16075619435
70.0,0.0,2.16742121224
70.0,0.0,2.17407747471
70.0,0.0,2.1807249279
70.0,0.0,2.18736351796
70.0,0.0,2.19399319109
70.0,0.0,2.20061389356
70.0,0.0,2.20722557164
70.0,0.0,2.21382817168
70.0,0.0,2.22042164005
70.0,0.0,2.22700592317
70.0,0.0,2.2335809675
70.0,0.0,2.24014671955
70.0,0.0,2.24670312588
70.0,0.0,2.25325013308
70.0,0.0,2.25978768781
70.0,0.0,2.26631573675
70.0,0.0,2.27283422664
70.0,0.0,2.27934310427
70.0,0.0,2.28584231648
70.0,0.0,2.29233181013
70.0,0.0,2.29881153217
80.0,0.0,2.30528142958
80.0,0.0,2.31174144938
80.0,0.0,2.31819153865
80.0,10.0,2.32463164452
80.0,10.0,2.33106171417
80.0,10.0,2.33748169484
80.0,10.0,2.3438915338
80.0,10.0,2.3502911784
80.0,10.0,2.35668057602
80.0,10.0,2.36305967411
80.0,10.0,2.36942842015
80.0,10.0,2.37578676171
80.0,10.0,2.38213464637
80.0,10.0,2.38847202181
80.0,10.0,2.39479883573
80.0,10.0,2.4011150359
80.0,10.0,2.40742057016
80.0,10.0,2.41371538637
80.0,10.0,2.4199994325
80.0,10.0,2.42627265652
80.0,10.0,2.4325350065
80.0,10.0,2.43878643055
80.0,10.0,2.44502687684
80.0,10.0,2.4512562936
80.0,10.0,2.45747462914
80.0,10.0,2.46368183179
80.0,10.0,2.46987784998
80.0,10.0,2.47606263217
80.0,10.0,2.48223612691
80.0,10.0,2.48839828278
80.0,10.0,2.49454904846
80.0,10.0,2.50068837266
80.0,10.0,2.50681620416
80.0,10.0,2.51293249183
80.0,10.0,2.51903718457
80.0,10.0,2.52513023136
80.0,10.0,2.53121158124
80.0,10.0,2.53728118333
80.0,10.0,2.5433389868
80.0,10.0,2.5493849409
80.0,10.0,2.55541899492
80.0,10.0,2.56144109825
80.0,10.0,2.56745120033
80.0,10.0,2.57344925067
80.0,10.0,2.57943519885
80.0,10.0,2.58540899452
80.0,10.0,2.5913705874
80.0,10.0,2.59731992728
80.0,10.0,2.60325696401
80.0,10.0,2.60918164753
80.0,10.0,2.61509392783
80.0,10.0,2.62099375498
80.0,10.0,2.62688107914
80.0,10.0,2.63275585051
80.0,10.0,2.63861801939
80.0,10.0,2.64446753614
80.0,10.0,2.65030435119
80.0,10.0,2.65612841506
80.0,10.0,2.66193967832
80.0,10.0,2.66773809165
80.0,10.0,2.67352360576
80.0,10.0,2.67929617149
80.0,20.0,2.6850557397
80.0,20.0,2.69080226138
80.0,20.0,2.69653568754
80.0,20.0,2.70225596933
80.0,20.0,2.70796305793
80.0,20.0,2.71365690461
80.0,20.0,2.71933746074
80.0,20.0,2.72500467773
80.0,20.0,2.73065850712
80.0,20.0,2.73629890048
80.0,20.0,2.7419258095
80.0,20.0,2.74753918591
80.0,20.0,2.75313898157
80.0,20.0,2.75872514839
80.0,20.0,2.76429763837
80.0,20.0,2.76985640358
80.0,20.0,2.77540139619
80.0,20.0,2.78093256845
80.0,20.0,2.7864498727
80.0,20.0,2.79195326134
80.0,20.0,2.79744268688
80.0,20.0,2.80291810191
80.0,20.0,2.80837945909
80.0,20.0,2.81382671118
80.0,20.0,2.81925981103
80.0,20.0,2.82467871156
80.0,20.0,2.83008336579
80.0,20.0,2.83547372682
80.0,20.0,2.84084974786
80.0,20.0,2.84621138217
